Ratings,Comment             ,Reviews
1, Compatibility issues with Caller-ID in South... , My cell apparently does not work properly with Caller-ID in South America as the Firmware is tailored for Switzerland! Samsung official service does not grant any solution as they do not have after-sales service for this model!
5," Highly satisfied with the phone, difficulty...   ", Awesome phone. Love it. Hard to find good cases though
5," Switched from an Apple Six Plus, very...         "," Really sweet device, I dumped my Apple Six Plus to switch to Samsung and I am much more satisfied than with the Apple 6 plus."
5, Excellent                                          , Excellent phone and good camera quality.
5, Great phone and seller.                           , Great phone and great seller
5, Occasional issues with erratic behavior and...     ," It acts a little crazy sometimes and the battery runs down so quickly, but am working with it"
5," Very pleased with the item, matches the...       ", I am very pleased with this item. It came as described by the seller.
1," Severe battery issues, extremely short...         "," Battery is so bad bad bad bad. It only works less than 4 hours. I need the seller to send me the regional battery, otherwise I will return it."
5," Outstanding battery life, feature-packed, great camera, crisp display, excellent value for money. "," This phone is a powerhouse! The battery life is outstanding, and the features are top-notch. The camera quality is superb, and the display is crisp. It's an excellent value for money."
5," Long-lasting battery, feature-rich, camera is exceptional, great battery performance, vibrant display, worth every penny. "," I can't believe how long the battery lasts on this phone. It's packed with features, and the camera is exceptional. Battery performance is great, and the display is so vibrant. This phone is worth every penny."
5," Superb battery life, feature-packed, camera is top-notch, battery is fantastic, stunning display, incredible value. "," The battery life on this phone is superb. It's loaded with features, and the camera is top-notch. The battery is fantastic, and the display is stunning. Incredible value for money."
5," Impressive battery longevity, rich in features, excellent camera, outstanding battery, gorgeous display, money well spent. "," I'm impressed with how long the battery lasts. This phone is rich in features, and the camera is excellent. The battery performance is outstanding, and the display is gorgeous. Money well spent."
5," Exceptional battery performance, packed with features, top-quality camera, great battery life, stunning display, an amazing deal. "," The battery performance is exceptional. This phone is packed with features, and the camera is top-quality. Great battery life, and the display is stunning. It's an amazing deal."
5," Remarkable battery life, feature-rich, camera exceeds expectations, battery lasts all day, beautiful display, worth every cent. "," The battery life is truly remarkable. It's feature-rich, and the camera exceeds expectations. The battery lasts all day, and the display is beautiful. Worth every cent."
5," Unbelievable battery longevity, feature-packed, camera is exceptional, superb battery, stunning display, an excellent investment. "," I can't believe how long the battery lasts. This phone is feature-packed, and the camera is exceptional. The battery performance is superb, and the display is stunning. An excellent investment."
5," Exceptional battery backup, loaded with features, camera is top-tier, battery is amazing, vivid display, money well spent. "," The battery backup is exceptional. This phone is loaded with features, and the camera is top-tier. The battery is amazing, and the display is vivid. Money well spent."
5," Phenomenal battery life, feature-rich, camera performance is outstanding, long-lasting battery, beautiful display, an incredible value. "," The battery life is phenomenal. This phone is feature-rich, and the camera performance is outstanding. It has a long-lasting battery, and the display is beautiful. It's an incredible value."
1," Terrible battery life, lacking features, camera disappoints, poor battery performance, dull display, not worth the money. "," The battery life is terrible. It's lacking features, and the camera disappoints. The battery performance is poor, and the display is dull. This phone is not worth the money."
5," Excellent battery longevity, feature-packed, camera is superb, great battery, vibrant display, fantastic value for money. "," The battery longevity is excellent. This phone is feature-packed, and the camera is superb. The battery is great, and the display is vibrant. It's fantastic value for money."
5," Incredible battery life, loaded with features, camera is exceptional, long-lasting battery, stunning display, a great purchase. "," The battery life is incredible. This phone is loaded with features, and the camera is exceptional. It has a long-lasting battery, and the display is stunning. It's a great purchase."
5," Outstanding battery performance, rich in features, camera exceeds expectations, amazing battery life, beautiful display, worth every penny. "," The battery performance is outstanding. This phone is rich in features, and the camera exceeds expectations. The battery life is amazing, and the display is beautiful. Worth every penny."
5," Superb battery life, feature-rich, camera is top-notch, great battery performance, vivid display, incredible value. "," The battery life on this phone is superb. It's feature-rich, and the camera is top-notch. Great battery performance, and the display is vivid. It offers incredible value for money."
5," Impressive battery longevity, packed with features, excellent camera, outstanding battery, gorgeous display, money well spent. "," I'm impressed with how long the battery lasts. This phone is packed with features, and the camera is excellent. The battery performance is outstanding, and the display is gorgeous. Money well spent."
5," Exceptional battery performance, loaded with features, top-quality camera, great battery life, stunning display, an amazing deal. "," The battery performance is exceptional. This phone is loaded with features, and the camera is top-quality. Great battery life, and the display is stunning. It's an amazing deal."
5," Remarkable battery life, feature-rich, camera exceeds expectations, battery lasts all day, beautiful display, worth every cent. "," The battery life is truly remarkable. It's feature-rich, and the camera exceeds expectations. The battery lasts all day, and the display is beautiful. Worth every cent."
5," Unbelievable battery longevity, feature-packed, camera is exceptional, superb battery, vivid display, money well spent. "," I can't believe how long the battery lasts. This phone is feature-packed, and the camera is exceptional. The battery is superb, and the display is vivid. Money well spent."
5," Exceptional battery backup, loaded with features, camera is top-tier, battery is amazing, incredible display, an excellent investment. "," The battery backup is exceptional. This phone is loaded with features, and the camera is top-tier. The battery is amazing, and the display is incredible. It's an excellent investment."
1," Terrible battery life, lacking features, camera disappoints, poor battery performance, dull display, not worth the money. "," The battery life is terrible. It's lacking features, and the camera disappoints. The battery performance is poor, and the display is dull. This phone is not worth the money."
5," Excellent battery longevity, feature-packed, camera is superb, great battery, vibrant display, fantastic value for money. "," The battery longevity is excellent. This phone is feature-packed, and the camera is superb. The battery is great, and the display is vibrant. It's fantastic value for money."
5," Excellent battery life, feature-rich, superb camera, stunning display, and great value for money. "," The Samsung Note 4 is an outstanding device. The battery life is excellent, lasting through long days of use. It's feature-rich with an array of functionalities that cater to every need. The camera is superb, capturing sharp and vibrant photos. The display is stunning, offering vivid colors and clarity. At its price, it's an excellent value for money."
5," Impressive battery longevity, feature-packed, and the camera doesn't disappoint. Stunning display and worth every cent. "," The Note 4 boasts an impressive battery life, ensuring you stay powered throughout the day. It's packed with a wide range of features that make daily tasks a breeze. The camera doesn't disappoint, delivering high-quality shots. The display is stunning, providing a visually appealing experience. This device is worth every cent."
5," Exceptional battery performance, loaded with features, top-tier camera, and an amazing investment. "," The battery performance is exceptional, lasting for hours even with heavy usage. The Note 4 is loaded with features, offering convenience and versatility. The camera is top-tier, capturing sharp and detailed photos. This device is an amazing investment in your digital experience."
5," Outstanding battery life, feature-rich, superb camera, and a fantastic value. "," The Samsung Note 4 shines with its outstanding battery life, allowing you to use it all day without worries. It's feature-rich, offering a diverse set of tools and options. The camera is superb, producing high-quality photos and videos. All of this comes at a fantastic value."
5," Superb battery performance, feature-packed, and a camera that exceeds expectations. "," The Note 4 offers superb battery performance, ensuring you have power when you need it. It's feature-packed, making it versatile and adaptable to various needs. The camera goes above and beyond, capturing stunning shots. A great device all around."
5," Incredible battery life, loaded with features, and the camera is top-notch. "," The battery life of the Note 4 is incredible, lasting for extended periods. It's loaded with features, providing tools and applications for various purposes. The camera is top-notch, delivering high-quality photos and videos. This device is well-rounded and versatile."
5," Outstanding battery performance, rich in features, and the camera doesn't disappoint. "," The battery performance is outstanding, keeping you connected all day. The Note 4 is rich in features, offering a versatile and practical experience. The camera doesn't disappoint, capturing beautiful memories. A great value for what it offers."
5," Excellent battery longevity, feature-rich, and camera performance that exceeds expectations. "," The Note 4 has excellent battery longevity, ideal for long days. It's feature-rich, providing a wide array of functionalities. The camera performance exceeds expectations, delivering sharp and vibrant photos. An excellent choice."
5," Impressive battery performance, loaded with features, and the camera is superb. "," The Note 4's battery performance is impressive, ensuring you have power when you need it. It's loaded with features, making it versatile and practical. The camera is superb, capturing stunning shots. An all-around great device."
5," Outstanding battery life, rich in features, and the camera exceeds expectations. "," The Note 4 offers outstanding battery life, ensuring you stay connected all day. It's rich in features, offering practical tools and apps. The camera exceeds expectations, providing sharp and detailed photos. A great value for money."
5," Superb battery performance, feature-packed, and the camera is top-notch. "," The battery performance of the Note 4 is superb, lasting for extended periods. It's feature-packed, offering a versatile and practical experience. The camera is top-notch, capturing beautiful memories."
5," Incredible battery longevity, packed with features, and camera performance that exceeds expectations. "," The Note 4 has incredible battery longevity, ensuring you stay powered all day. It's packed with features, making it versatile and adaptable. The camera performance exceeds expectations, delivering beautiful photos and videos."
5," Exceptional battery life, loaded with features, and the camera is superb. "," The battery life of the Note 4 is exceptional, ensuring you have power throughout the day. It's loaded with features, offering practical tools and applications. The camera is superb, capturing stunning shots. A fantastic choice."
5," Impressive battery performance, loaded with features, and the camera doesn't disappoint. "," The Note 4's battery performance is impressive, lasting for hours even with heavy usage. It's loaded with features, providing practical solutions for various needs. The camera doesn't disappoint, capturing beautiful memories."
5," Outstanding battery life, feature-rich, superb camera, and a fantastic value. "," The Samsung Note 4 excels with its outstanding battery life, allowing you to use it all day without worries. It's feature-rich, offering a diverse set of tools and options. The camera is superb, producing high-quality photos and videos. All of this comes at a fantastic value."
5," Superb battery performance, feature-packed, and a camera that exceeds expectations. "," The Note 4 offers superb battery performance, ensuring you have power when you need it. It's feature-packed, making it versatile and adaptable to various needs. The camera goes above and beyond, capturing stunning shots. A great device all around."
5," Incredible battery life, loaded with features, and the camera is top-notch. "," The battery life of the Note 4 is incredible, lasting for extended periods. It's loaded with features, providing tools and applications for various purposes. The camera is top-notch, delivering high-quality photos and videos. This device is well-rounded and versatile."
5," Outstanding battery performance, rich in features, and the camera doesn't disappoint. "," The battery performance is outstanding, keeping you connected all day. The Note 4 is rich in features, offering a versatile and practical experience. The camera doesn't disappoint, capturing beautiful memories. A great value for what it offers."
5," Excellent battery longevity, feature-rich, and camera performance that exceeds expectations. "," The Note 4 has excellent battery longevity, ideal for long days. It's feature-rich, providing a wide array of functionalities. The camera performance exceeds expectations, delivering sharp and vibrant photos. An excellent choice."
5," Impressive battery performance, loaded with features, and the camera is superb. "," The Note 4's battery performance is impressive, ensuring you have power when you need it. It's loaded with features, making it versatile and practical. The camera is superb, capturing stunning shots. An all-around great device."
5," Excellent battery life, loaded with features, superb camera, stunning display, great value. "," Samsung Note 4 is a fantastic device. It boasts excellent battery life, a wide range of features, a superb camera, a stunning display, and it's a great value."
5," Impressive battery longevity, feature-packed, great camera, stunning display, worth every cent. "," The Note 4's impressive battery longevity ensures it lasts all day. It's feature-packed, and the great camera and stunning display make it worth every cent."
5," Exceptional battery performance, loaded with features, top-tier camera, and an amazing investment. "," The Note 4's exceptional battery performance, abundance of features, top-tier camera, and stunning display make it an amazing investment."
4," Good battery life, feature-rich, camera is decent, average battery, display is okay, reasonable value. "," The Note 4 has good battery life and plenty of features, but the camera is just decent, and the battery is average. The display is okay, and it offers reasonable value."
3," Mediocre battery life, lacks features, camera disappoints, battery life is poor, subpar display, not great value. "," The Note 4's battery life is mediocre, and it lacks essential features. The camera is disappointing, the battery life is poor, the display is subpar, and it doesn't offer great value."
5," Outstanding battery life, packed with features, superb camera, fantastic value. "," The Note 4's outstanding battery life, feature-rich nature, superb camera, and fantastic value make it a top choice."
5," Superb battery performance, feature-packed, camera exceeds expectations, great value for money. "," With superb battery performance, a feature-packed design, and a camera that exceeds expectations, the Note 4 offers great value for money."
5," Incredible battery life, loaded with features, camera is top-notch, excellent investment. "," The Note 4 impresses with its incredible battery life, wide range of features, top-notch camera, and it's an excellent investment."
2," Terrible battery life, feature-poor, camera is awful, abysmal battery, awful display, not worth the money. "," The Note 4's battery life is terrible, it lacks essential features, the camera is awful, the battery is abysmal, the display is terrible, and it's not worth the money."
5," Excellent battery longevity, feature-rich, camera is decent, good battery life, reasonable display, decent value. "," The Note 4 provides excellent battery longevity, a feature-rich experience, a decent camera, good battery life, a reasonable display, and decent value."
4," Good battery life, packed with features, camera performance is average, above-average battery, decent display, reasonable value. "," The Note 4 has good battery life and is packed with features. The camera performance is average, but the battery life is above-average. The display is decent, and it offers reasonable value."
5," Outstanding battery performance, rich in features, camera exceeds expectations, excellent battery life, good display, fantastic value. "," The Note 4 offers outstanding battery performance, richness in features, a camera that exceeds expectations, excellent battery life, a good display, and fantastic value."
4," Very good battery life, feature-rich, camera performance is decent, decent battery life, reasonable display, a reasonable purchase. "," The Note 4 has very good battery life and is feature-rich. The camera performance is decent, and the battery life is also decent. The display is reasonable, making it a reasonable purchase."
5," Excellent battery longevity, feature-packed, camera is decent, good battery life, decent display, reasonable value. "," The Note 4 provides excellent battery longevity, a feature-packed experience, a decent camera, good battery life, a decent display, and reasonable value."
3," Mediocre battery life, lacks features, camera is subpar, poor battery life, average display, not a great investment. "," The Note 4's battery life is mediocre, it lacks essential features, the camera is subpar, the battery life is poor, the display is average, and it's not a great investment."
5," Outstanding battery life, loaded with features, camera performance exceeds expectations, fantastic battery, great display, a fantastic purchase. "," The Note 4 offers outstanding battery life, a loaded feature set, and camera performance that exceeds expectations. The fantastic battery and great display make it a fantastic purchase."
4," Good battery life, feature-rich, camera is decent, good battery life, decent display, reasonable value. "," The Note 4 has good battery life, is feature-rich, and has a decent camera. The battery life is good, the display is decent, and it offers reasonable value."
2," Terrible battery life, lacking features, camera disappoints, poor battery life, dull display, not worth the money. "," The Note 4's battery life is terrible, it's lacking features, the camera disappoints, the battery life is poor, the display is dull, and it's not worth the money."
5," Excellent battery longevity, feature-rich, camera performance exceeds expectations, excellent battery, good display, a great purchase. "," The Note 4 offers excellent battery longevity, a feature-rich experience, and camera performance that exceeds expectations. The excellent battery and good display make it a great purchase."
4," Good battery life, feature-packed, camera is decent, good battery life, decent display, a reasonable value. "," The Note 4 has good battery life, is feature-packed, and has a decent camera. The battery life is good, the display is decent, and it offers a reasonable value."
5," Exceptional battery life, versatile features, a camera that shines, and a display to love. "," Impressive battery life, versatile features, a camera that shines, and a display that's a joy."
4," Solid battery performance, packed with handy features, the camera gets the job done, decent battery life, and a serviceable display. "," Solid battery performance, a plethora of handy features, a camera that's reliable, decent battery life, and a serviceable display."
3," Average battery life, a mixed bag of features, an underwhelming camera, mediocre battery life, and a display that's nothing special. "," Average battery life, a mix of features, an underwhelming camera, mediocre battery life, and an unremarkable display."
4," Good battery life, a good mix of features, a reliable camera, above-average battery life, and a satisfactory display. "," Good battery life, a well-rounded mix of features, a reliable camera, above-average battery life, and a satisfactory display."
3," Mediocre battery performance, limited features, a camera that falls short, disappointing battery life, and an unremarkable display. "," Mediocre battery performance, limited features, a camera that disappoints, disappointing battery life, and a lackluster display."
5," Excellent battery longevity, feature-rich, the camera is a winner, incredible battery life, and an impressive display. "," Excellent battery longevity, a feature-rich design, a winning camera, incredible battery life, and an impressive display."
4," Good battery life, a treasure trove of features, the camera is dependable, above-average battery life, and a decent display. "," Good battery life, a wealth of features, a dependable camera, above-average battery life, and a decent display."
3," Average battery performance, lacking features, camera struggles, mediocre battery life, and a passable display. "," Average battery performance, a lack of features, a struggling camera, mediocre battery life, and a passable display."
5," Outstanding battery life, a multitude of features, camera performance that amazes, excellent battery life, and a display that pops. "," Outstanding battery life, a plethora of features, camera performance that amazes, excellent battery life, and a vibrant display."
4," Solid battery life, feature-packed, a camera that does the job, good battery life, and a satisfactory display. "," Solid battery life, feature-packed, a camera that gets the job done, good battery life, and a satisfactory display."
5, Excellent Battery  ," Exceptional battery life, feature-rich, top-tier camera, and fantastic value."
5, Outstanding Battery ," Outstanding battery performance, loaded with features, camera exceeds expectations, and a remarkable display."
5, Impressive ," Excellent battery longevity, feature-rich, top-notch camera, and a stunning display."
5, Superb ," Superb battery life, rich in options, the camera shines, and the lasting battery."
5, Incredible ," Incredible battery performance, feature-packed, impressive camera, and outstanding display."
5, Exceptional ," Exceptional battery life, loaded with features, a camera that amazes, and a remarkable display."
5, Versatile ," Outstanding battery performance, a diverse set of features, camera surpasses expectations, and a striking display."
5, Worth ," Excellent battery longevity, feature-rich, top-tier camera, and great value."
5, Vivid ," Impressive battery performance, loaded with practical features, camera delivers impressive results, and a beautiful display."
5, Diverse ," Outstanding battery life, packed with practical options, superb camera, and a stunning display."
5, Top-Tier ," Excellent battery longevity, rich in features, top-notch camera, and excellent value."
5, Captures ," Impressive battery performance, loaded with handy features, camera never disappoints, and an outstanding display."
5, Fantastic ," Outstanding battery life, rich in features, the camera is superb, and it's a great investment."
5, Amazing ," Excellent battery longevity, feature-rich, camera performance is top-notch, and it's an amazing deal."
5, Impressive ," Outstanding battery performance, loaded with features, camera exceeds expectations, and it's a great purchase."
5, Superb ," Superb battery life, a wealth of options, the camera shines, and a delightful display."
5, Excellent ," Outstanding battery life, rich in functionalities, the camera surpasses expectations, and the display is visually appealing."
5, Great ," Impressive battery performance, loaded with practical features, the camera delivers impressive results, and it offers great value."
5, Outstanding ," Outstanding battery life, feature-rich, superb camera, and it offers fantastic value."
5, Vibrant ," Superb battery life, a wealth of features, the camera excels, and the display is a delight."
5, Winner ," Outstanding battery performance, loaded with features, camera performance is top-tier, and it's worth every cent."
5, Fantastic ," Excellent battery longevity, feature-rich, and the camera is superb, making it a fantastic deal."
5, Amazing ," Impressive battery performance, feature-rich, camera never disappoints, and it's an excellent investment."
5, Stunning ," Outstanding battery life, packed with practical features, the camera is a winner, and the display is breathtaking."
5, Top-Notch ," Excellent battery longevity, a diverse set of features, camera capabilities are impressive, and it's a fantastic purchase."
5, Delight ," Impressive battery performance, loaded with practical features, the camera delivers stunning results, and it's an amazing deal."
5, Valuable ," Outstanding battery life, feature-rich, camera capabilities are superb, and it's a great investment."
5, Excellent ,"Excellent battery life, rich in features, superb camera, and a fantastic value.Worth the buy."
5, Fantastic ," Impressive battery performance, loaded with practical features, the camera never disappoints, and it's an amazing deal."
5, Superb ," Outstanding battery life, feature-rich, camera capabilities are superb, and it's a great investment."
5, Outstanding ," Excellent battery longevity, a diverse set of features, camera capabilities are impressive, and it's a fantastic purchase."
5, Impressive ," Impressive battery performance, feature-rich, camera performance that exceeds expectations, and a beautiful display."
5, Great ," Outstanding battery life, loaded with practical options, the camera is superb, and it offers fantastic value."
5, Superb ," Excellent battery longevity, feature-rich, and the camera is superb, making it a fantastic deal."
5, Amazing ," Outstanding battery performance, loaded with features, the camera exceeds expectations, and it's a great purchase."
5, Exceptional ," Exceptional battery life, a wealth of features, a camera that surpasses expectations, stunning display, and a fantastic deal."
5, Outstanding ," Outstanding battery performance, loaded with functionalities, the camera excels, remarkable battery life, and a display that wows."
5, Excellent ," Excellent battery longevity, feature-rich, camera performance is top-notch, and the display quality is outstanding."
5, Vibrant ," Outstanding battery life, rich in functionalities, camera performance is superb, and the display is visually appealing."
5, Winner ," Superb battery performance, a feature-packed experience, camera capabilities are top-tier, and it's worth every cent."
5, Delight ," Outstanding battery life, packed with practical features, the camera is a winner, and the display is breathtaking."
5, Valuable ," Impressive battery performance, loaded with practical features, the camera delivers stunning results, and it's an amazing deal."
5, Top-Notch ," Excellent battery longevity, a diverse set of features, camera capabilities are impressive, and it's a fantastic purchase."
5, Fantastic ," Impressive battery performance, loaded with handy features, the camera never disappoints, and it's an excellent investment."
5, Amazing ," Outstanding battery life, rich in features, the camera surpasses expectations, and the display is visually appealing."
5, Excellent ," Great battery life, loaded with features, the camera excels, and it's a great value for money."
5, Wonderful ," Excellent battery longevity, a feature-rich experience, camera capabilities are top-notch, and it's worth every penny."
2, Terrible ," Terrible battery life, lacking features, camera disappoints, poor battery life, dull display, not worth the money."
2, Disappointing ," Disappointing battery performance, lacks features, camera is subpar, poor battery life, and the display is uninspiring."
2, Mediocre ," Mediocre battery life, a mixed bag of features, camera is average, mediocre battery life, and the display is subpar."
2, Unimpressive ," Unimpressive battery performance, feature-poor, camera is awful, abysmal battery, and awful display, not worth the money."
2, Regrettable ," Regrettable battery life, a lack of features, the camera disappoints, and the battery life is pitiful, not a good value."
3, Average ," Average battery life, a mix of features, the camera is acceptable, and the battery life is decent, reasonable value."
3, Passable ," Passable battery performance, feature-poor, the camera is underwhelming, and the battery life is mediocre, not a great investment."
3, Mediocre ," Mediocre battery performance, lacking features, the camera is subpar, and the battery life is unsatisfactory, not a great purchase."
3, Acceptable ," Acceptable battery life, a lack of features, the camera is decent, and the battery life is adequate, offers reasonable value."
3, Reasonable ," Reasonable battery life, lacking in options, the camera is mediocre, and the battery life is tolerable, offers decent value."
5, Exceptional ," Exceptional battery life, a plethora of features, camera performance that exceeds expectations, and a display that's a delight."
5, Thrilling ," Thrilling battery longevity, loaded with practical features, a camera that shines, and it's worth every cent."
5, Spectacular ," Spectacular battery performance, a treasure trove of options, the camera excels, and it's a fantastic purchase."
5, Remarkable ," Remarkable battery life, rich in functionalities, the camera surpasses expectations, and the display is stunning."
5, Phenomenal ," Phenomenal battery performance, loaded with features, the camera delivers outstanding results, and it offers great value."
5, Exemplary ," Exemplary battery life, feature-packed, camera performance that's top-notch, and it's an amazing deal."
5, Impressive ," Impressive battery longevity, loaded with practical features, a camera that never disappoints, and the display is remarkable."
5, Marvelous ," Marvelous battery life, packed with practical options, the camera is superb, and it's a great investment."
5, Outstanding ," Outstanding battery performance, rich in features, the camera excels in every situation, and the display is visually appealing."
5, Delightful ," Delightful battery life, a diverse set of features, camera capabilities that amaze, and it's a fantastic value."
5, Excellent ," Excellent battery longevity, feature-rich, and the camera is superb, making it an excellent investment."
5, Wonderful ," Wonderful battery performance, loaded with handy features, the camera captures stunning moments, and it's an amazing deal."
5, Terrific ," Terrific battery life, packed with practical features, the camera delivers impressive results, and it offers fantastic value."
5, Brilliant ," Brilliant battery performance, a wealth of functionalities, the camera surpasses expectations, and the display is stunning."
5, Fabulous ," Fabulous battery life, feature-rich, camera capabilities that are superb, and it's a great purchase."
5, Splendid ," Splendid battery longevity, loaded with practical features, the camera never disappoints, and it's worth every penny."
5, Magnificent ," Magnificent battery life, rich in functionalities, the camera excels, and the display is breathtaking."
5, Exceptional ," Exceptional battery performance, loaded with features, the camera exceeds expectations, and it's a great investment."
5, Thrilling ," Thrilling battery life, a treasure trove of options, the camera shines, and it's worth every cent."
5, Spectacular ," Spectacular battery performance, rich in functionalities, the camera surpasses expectations, and the display is visually appealing."
5, Marvelous ," Marvelous battery life, packed with features, the camera delivers impressive results, and it's a great investment."
5, Exceptional ," Exceptional battery longevity, feature-rich, the camera excels, and the display is stunning."
5, Splendid ," Splendid battery performance, rich in features, the camera surpasses expectations, and it's a fantastic value."
5, Remarkable ," Remarkable battery life, a wealth of functionalities, the camera never disappoints, and it's an amazing deal."
5, Terrific ," Terrific battery performance, loaded with practical features, the camera captures stunning moments, and it offers fantastic value."
5, Excellent ," Excellent battery life, a treasure trove of options, the camera is superb, and it's worth every cent."
5, Incredible ," Incredible battery longevity, feature-rich, camera performance is top-notch, and it's a great purchase."
5, Wonderful ," Wonderful battery life, loaded with practical features, the camera is a winner, and it's a delightful investment."
5, Outstanding ," Outstanding battery performance, a diverse set of features, camera capabilities are superb, and it's a fantastic purchase."
5, Superb ," Superb battery life, packed with features, the camera delivers impressive results, and it's a great value for money."
5, Fantastic ," Fantastic battery performance, rich in functionalities, the camera excels, and it's a fantastic investment."
5, Impressive ," Impressive battery life, feature-rich, camera capabilities that amaze, and the display is visually appealing."
5, Brilliant ," Brilliant battery longevity, a wealth of options, the camera never disappoints, and it offers excellent value."
5, Amazing ," Amazing battery performance, loaded with practical features, the camera surpasses expectations, and it's an exceptional deal."
5, Phenomenal ," Phenomenal battery life, a treasure trove of features, the camera is superb, and it's a remarkable investment."
5, Exemplary ," Exemplary battery performance, packed with practical options, camera capabilities that shine, and it's worth every penny."
5, Fabulous ," Fabulous battery life, feature-rich, the camera delivers outstanding results, and it offers fantastic value."
5, Great ," Great battery life, a diverse set of features, camera performance that exceeds expectations, and it's a great choice."
5, Marvelous ," Marvelous battery performance, rich in functionalities, the camera excels, and it's a superb purchase."
5, Outstanding ," Outstanding battery life, feature-packed, camera capabilities are top-notch, and it's a delightful investment."
5, Superb ," Superb battery life, loaded with practical features, the camera is a winner, and it's an excellent value."
5, Exceptional ," Exceptional battery longevity, packed with features, the camera never disappoints, and it's a valuable investment."
5, Splendid ," Splendid battery performance, rich in functionalities, camera capabilities that amaze, and it offers great value."
5, Remarkable ," Remarkable battery life, feature-rich, the camera excels, and it's worth every cent."
5, Terrific ," Terrific battery life, loaded with features, camera performance that exceeds expectations, and it's a fantastic choice."
5, Excellent ," Excellent battery performance, a diverse set of options, the camera captures top-notch shots, and it's a great value."
5, Wonderful ," Wonderful battery life, feature-rich, the camera delivers stunning results, and it's an exceptional purchase."
5, Fantastic ," Fantastic battery longevity, loaded with practical features, camera capabilities that shine, and it's worth every penny."
5, Amazing ," Amazing battery performance, rich in functionalities, the camera excels in every situation, and it's a remarkable investment."
5, Impressive ," Impressive battery life, a treasure trove of features, the camera surpasses expectations, and it's a fantastic value."
5, Brilliant ," Brilliant battery longevity, packed with practical options, camera capabilities that amaze, and it offers great value."
5, Superb ," Superb battery performance, feature-rich, the camera is a winner, and it's a delightful investment."
5, Outstanding ," Outstanding battery life, rich in functionalities, the camera excels, and it's worth every cent."
5, Marvelous ," Marvelous battery life, packed with features, camera capabilities that shine, and it's an amazing purchase."
5, Exceptional ," Exceptional battery performance, loaded with practical features, the camera delivers stunning results, and it's a superb choice."
5, Remarkable ," Remarkable battery life, a treasure trove of options, camera performance that's top-notch, and it's an outstanding investment."
5, Wonderful ," Wonderful battery performance, rich in functionalities, the camera captures top-notch shots, and it offers great value."
5, Impressive ," Impressive battery life, feature-rich, the camera surpasses expectations, and it's worth every penny."
3, Average ," Average battery life, a mix of features, the camera is acceptable, and the display is decent, offering reasonable value."
3, Decent ," Decent battery performance, lacking options, the camera does its job, and the battery life is okay, with reasonable value."
3, Acceptable ," Acceptable battery life, limited features, the camera is decent, and the battery life is passable, offering reasonable value."
3, Satisfactory ," Satisfactory battery performance, feature-poor, the camera gets the job done, and the battery life is acceptable, with reasonable value."
3, Tolerable ," Tolerable battery life, a lack of features, the camera is tolerable, and the battery life is passable, with decent value."
3, Fair ," Fair battery performance, lacking options, the camera is average, and the battery life is acceptable, with reasonable value."
3, Passable ," Passable battery life, feature-poor, the camera is underwhelming, and the battery life is mediocre, with reasonable value."
3, Adequate ," Adequate battery performance, limited features, the camera is decent, and the battery life is tolerable, with reasonable value."
3, Reasonable ," Reasonable battery life, lacking in options, the camera is average, and the battery life is acceptable, with decent value."
3, Mediocre ," Mediocre battery performance, limited features, the camera is subpar, and the battery life is unsatisfactory, with reasonable value."
3, Average ," Average battery life, a mix of features, the camera is acceptable, and the display is decent, offering reasonable value."
3, Decent ," Decent battery performance, lacking options, the camera does its job, and the battery life is okay, with reasonable value."
3, Acceptable ," Acceptable battery life, limited features, the camera is decent, and the battery life is passable, offering reasonable value."
3, Satisfactory ," Satisfactory battery performance, feature-poor, the camera gets the job done, and the battery life is acceptable, with reasonable value."
3, Tolerable ," Tolerable battery life, a lack of features, the camera is tolerable, and the battery life is passable, with decent value."
3, Fair ," Fair battery performance, lacking options, the camera is average, and the battery life is acceptable, with reasonable value."
3, Passable ," Passable battery life, feature-poor, the camera is underwhelming, and the battery life is mediocre, with reasonable value."
3, Adequate ," Adequate battery performance, limited features, the camera is decent, and the battery life is tolerable, with reasonable value."
3, Reasonable ," Reasonable battery life, lacking in options, the camera is average, and the battery life is acceptable, with decent value."
3, Mediocre ," Mediocre battery performance, limited features, the camera is subpar, and the battery life is unsatisfactory, with reasonable value."
5, Battery Beast ," This device is a true battery beast, keeping up with my busy day effortlessly. The abundance of features is like a treasure chest, and the camera captures moments like a pro. Add to that the brilliant display, and you have a complete package."
5, Feature Fiesta ," It's a feature fiesta in your pocket! The battery life is so reliable, it feels like it never ends. The camera turns every shot into a work of art, and the display is a visual treat. This device is a marvel."
5, Camera Wizard ," This device is like having a camera wizard in your hands. The battery life is exceptional, and the features are endless. It's an incredible value for the amazing camera and the vibrant display."
5, Powerhouse Performer ," This device is a powerhouse performer, with battery life that goes on and on. The features are like having a Swiss Army knife of technology, and the camera captures moments in exquisite detail. The display is simply stunning."
5, Masterpiece of Tech ," A true masterpiece of tech! The battery life is outstanding, and the features are a dream come true. The camera paints pictures with every click, and the display is a visual delight."
5, Versatile Wonder ," This device is a versatile wonder! The battery life is remarkable, the features cover all bases, and the camera is a creative tool. With the vibrant display, it's a complete entertainment package."
5, All-Day Champion ," A true all-day champion! The battery life is exceptional, and the features are a playground for tech enthusiasts. The camera is a creative powerhouse, and the display is a visual masterpiece."
5, Beyond Expectations ," This device goes beyond expectations! The battery life is a workhorse, and the features are a tech lover's dream. The camera works magic, and the display is pure eye candy."
5, Innovative Marvel ," An innovative marvel in your hands! The battery life is exceptional, and the features are like a tech playground. The camera paints memories, and the display is a visual treat."
5, Feature-Packed Gem ," A feature-packed gem! The battery life is outstanding, and the features are a tech lover's dream come true. The camera captures every moment beautifully, and the display is a work of art."
5, Tech Delight ," A true tech delight! The battery life is a workhorse, and the features are a tech enthusiast's playground. The camera turns every shot into a masterpiece, and the display is a visual marvel."
5, Creative Powerhouse ," This device is a creative powerhouse! The battery life is exceptional, and the features are a tech enthusiast's dream. The camera captures moments like a pro, and the display is a visual wonder."
5, Endless Possibilities ," Endless possibilities in one device! The battery life is outstanding, and the features are like a tech treasure trove. The camera paints stories, and the display is a visual delight."
5, Innovative Marvel ," An innovative marvel in your hands! The battery life is exceptional, and the features are like a tech playground. The camera paints memories, and the display is a visual treat."
5, Feature-Packed Gem ," A feature-packed gem! The battery life is outstanding, and the features are a tech lover's dream come true. The camera captures every moment beautifully, and the display is a work of art."
5, Tech Delight ," A true tech delight! The battery life is a workhorse, and the features are a tech enthusiast's playground. The camera turns every shot into a masterpiece, and the display is a visual marvel."
5, Creative Powerhouse ," This device is a creative powerhouse! The battery life is exceptional, and the features are a tech enthusiast's dream. The camera captures moments like a pro, and the display is a visual wonder."
5, Endless Possibilities ," Endless possibilities in one device! The battery life is outstanding, and the features are like a tech treasure trove. The camera paints stories, and the display is a visual delight."
5, Tech Marvel ," This device is a tech marvel! The battery life is phenomenal, and the features are a true tech playground. The camera captures life's best moments, and the display is a visual masterpiece."
5, Endless Joy ," A source of endless joy! The battery life is extraordinary, and the features are like a tech wonderland. The camera turns every shot into a masterpiece, and the display is a visual delight."
5, Master of All ," A master of all trades! The battery life is exceptional, and the features are a tech enthusiast's dream come true. The camera paints stories with every click, and the display is a visual feast."
5, Creative Genius ," This device is a creative genius! The battery life is outstanding, and the features are a tech enthusiast's paradise. The camera captures moments in exquisite detail, and the display is a visual wonder."
5, Unstoppable Power ," Unstoppable power in your hands! The battery life is top-notch, and the features are like a tech wonder world. The camera is a creative tool, and the display is pure eye candy."
5, Tech Oasis ," A tech oasis! The battery life is exceptional, and the features are a tech lover's dream. The camera turns every click into art, and the display is a visual marvel."
5, Marvelous Companion ," A marvelous companion! The battery life is outstanding, and the features are a tech enthusiast's playground. The camera paints vivid memories, and the display is a visual delight."
5, Limitless Potential ," A device with limitless potential! The battery life is exceptional, and the features are a tech enthusiast's treasure trove. The camera captures moments like a pro, and the display is a visual masterpiece."
5, Tech Enchantment ," A true tech enchantment! The battery life is top-notch, and the features are a tech lover's paradise. The camera paints stories beautifully, and the display is a visual wonder."
5, Endless Innovation ," A world of endless innovation! The battery life is top-tier, and the features are a tech lover's dream come true. The camera captures moments with finesse, and the display is pure eye candy."
5, Tech Oasis ," A tech oasis! The battery life is exceptional, and the features are a tech lover's dream. The camera turns every shot into art, and the display is a visual marvel."
5, Marvelous Companion ," A marvelous companion! The battery life is outstanding, and the features are a tech enthusiast's playground. The camera paints vivid memories, and the display is a visual delight."
5, Limitless Potential ," A device with limitless potential! The battery life is exceptional, and the features are a tech enthusiast's treasure trove. The camera captures moments like a pro, and the display is a visual masterpiece."
5, Tech Enchantment ," A true tech enchantment! The battery life is top-notch, and the features are a tech lover's paradise. The camera paints stories beautifully, and the display is a visual wonder."
5, Endless Innovation ," A world of endless innovation! The battery life is top-tier, and the features are a tech lover's dream come true. The camera captures moments with finesse, and the display is pure eye candy."
5, Technology Bliss ," Technology bliss in every way! The battery life is exceptional, and the features are a tech lover's dream. The camera captures memories beautifully, and the display is a visual marvel."
5, Spectacular Performance ," Spectacular performance at your fingertips! The battery life is outstanding, and the features are like a tech treasure chest. The camera is an artistic tool, and the display is visually stunning."
5, Digital Delight ," A digital delight in every aspect! The battery life is exceptional, and the features are a tech lover's paradise. The camera turns life into art, and the display is a visual masterpiece."
5, Future-Ready ," A future-ready device! The battery life is top-notch, and the features are a tech enthusiast's dream come true. The camera captures moments with brilliance, and the display is a visual marvel."
5, Endless Possibilities ," A world of endless possibilities! The battery life is exceptional, and the features are a tech enthusiast's treasure trove. The camera paints stories beautifully, and the display is a visual wonder."
3, Middle Ground ," It's a middle ground device. The battery life is average, and the features are decent. The camera does the job, and the display is satisfactory, offering reasonable value."
3, Acceptable ," It's acceptable, nothing more. The battery life is passable, and the features are fair. The camera does its job, and the display is decent, with reasonable value."
3, So-So ," A so-so experience. The battery life is tolerable, and the features are limited. The camera is acceptable, and the display is satisfactory, with reasonable value."
3, Average at Best ," Average at best. The battery life is decent, and the features are passable. The camera does the job, and the display is satisfactory, offering reasonable value."
3, Adequate ," It's adequate, not exceptional. The battery life is reasonable, and the features are basic. The camera does the job, and the display is decent, with reasonable value."
3, Acceptable ," Acceptable, but not outstanding. The battery life is passable, and the features are fair. The camera is okay, and the display is decent, with reasonable value."
3, Middle of the Road ," It's in the middle of the road. The battery life is average, and the features are decent. The camera is passable, and the display is satisfactory, offering reasonable value."
3, Satisfactory ," It's satisfactory, but nothing more. The battery life is tolerable, and the features are limited. The camera is okay, and the display is decent, with reasonable value."
3, Decent Enough ," Decent enough. The battery life is reasonable, and the features are basic. The camera is okay, and the display is satisfactory, offering reasonable value."
3, Not Outstanding ," Not outstanding, but it does the job. The battery life is passable, and the features are fair. The camera is decent, and the display is satisfactory, with reasonable value."
2, Disappointment ," What a disappointment! The battery life is terrible, and the features are lacking. The camera performance is subpar, and the display is dull. Not worth the money."
2, Frustration ," Pure frustration! The battery life is awful, and the features are scarce. The camera is a letdown, and the display is uninspiring. A regrettable purchase."
2, Unsatisfactory ," Highly unsatisfactory! The battery life is pitiful, and the features are missing. The camera is dreadful, and the display is subpar. Not a good value."
2, Mediocre at Best ," Mediocre at best! The battery life is poor, and the features are minimal. The camera performance is lackluster, and the display is unimpressive. A disappointing investment."
2, Regrettable Choice ," A regrettable choice! The battery life is dreadful, and the features are lacking. The camera is a letdown, and the display is uninspiring. Not worth the money."
2, Displeasure ," Utter displeasure! The battery life is abysmal, and the features are scarce. The camera performance is subpar, and the display is dull. A poor investment."
2, Subpar Experience ," A subpar experience! The battery life is terrible, and the features are missing. The camera is dreadful, and the display is uninspiring. Not a good choice."
2, Disheartening ," Absolutely disheartening! The battery life is awful, and the features are minimal. The camera performance is lackluster, and the display is unimpressive. A regrettable purchase."
2, Letdown ," What a letdown! The battery life is pitiful, and the features are lacking. The camera is a disappointment, and the display is subpar. Not a wise decision."
2, Unpleasant Surprise ," An unpleasant surprise! The battery life is poor, and the features are scarce. The camera performance is unsatisfactory, and the display is uninspiring. A poor investment."
5, Tech Marvel ," This device is a true tech marvel, defying the limits of battery life. The features are a delightful tech wonderland, and the camera is a creative wizard. Coupled with the mesmerizing display, it's an unbeatable package."
5, Endless Delight ," It's an endless delight for tech enthusiasts! The battery life is nothing short of phenomenal, and the features are a tech lover's paradise. The camera transforms every moment into art, and the display is pure eye candy."
5, Unstoppable Wonder ," This device is an unstoppable wonder! The battery life feels never-ending, and the features are a treasure trove of tech goodness. The camera is a masterpiece creator, and the display is a visual feast."
5, Tech Enthusiast's Dream ," A tech enthusiast's dream come true! The battery life is top-notch, and the features are a tech treasure chest. The camera captures life's beauty, and the display is a visual masterpiece."
5, Innovation at Its Best ," Innovation at its best! The battery life is exceptional, and the features are like a tech playground. The camera paints vivid stories, and the display is a visual wonder."
5, Limitless Adventure ," This device offers a limitless adventure! The battery life is outstanding, and the features are a tech lover's dream. The camera creates magic, and the display is a visual delight."
5, Tech Wizardry ," It's like holding tech wizardry in your hands! The battery life is exceptional, and the features are a tech wonderland. The camera transforms moments into art, and the display is a visual marvel."
5, Power and Elegance ," A perfect balance of power and elegance! The battery life is top-tier, and the features are a tech lover's paradise. The camera captures moments with finesse, and the display is pure eye candy."
5, Digital Delight ," A digital delight in every way! The battery life is exceptional, and the features are a tech enthusiast's treasure trove. The camera turns life into art, and the display is a visual masterpiece."
5, Tech Bliss ," A true tech bliss! The battery life is top-notch, and the features are a tech wonder world. The camera paints vivid memories, and the display is a visual marvel."
5, A Masterpiece ," This device is a masterpiece of technology! The battery life is exceptional, and the features are a tech enthusiast's dream. The camera captures moments like a pro, and the display is a visual delight."
5, Endless Innovation ," A world of endless innovation! The battery life is top-tier, and the features are a tech lover's dream come true. The camera creates memories beautifully, and the display is pure eye candy."
5, Tech Marvel ," This device is a true tech marvel, defying the limits of battery life. The features are a delightful tech wonderland, and the camera is a creative wizard. Coupled with the mesmerizing display, it's an unbeatable package."
5, Endless Delight ," It's an endless delight for tech enthusiasts! The battery life is nothing short of phenomenal, and the features are a tech lover's paradise. The camera transforms every moment into art, and the display is pure eye candy."
5, Unstoppable Wonder ," This device is an unstoppable wonder! The battery life feels never-ending, and the features are a treasure trove of tech goodness. The camera is a masterpiece creator, and the display is a visual feast."
5, Tech Enthusiast's Dream ," A tech enthusiast's dream come true! The battery life is top-notch, and the features are a tech treasure chest. The camera captures life's beauty, and the display is a visual masterpiece."
5, Innovation at Its Best ," Innovation at its best! The battery life is exceptional, and the features are like a tech playground. The camera paints vivid stories, and the display is a visual wonder."
5, Limitless Adventure ," This device offers a limitless adventure! The battery life is outstanding, and the features are a tech lover's dream. The camera creates magic, and the display is a visual delight."
5, Tech Wizardry ," It's like holding tech wizardry in your hands! The battery life is exceptional, and the features are a tech wonderland. The camera transforms moments into art, and the display is a visual marvel."
5, Power and Elegance ," A perfect balance of power and elegance! The battery life is top-tier, and the features are a tech lover's paradise. The camera captures moments with finesse, and the display is pure eye candy."
5, Digital Delight ," A digital delight in every way! The battery life is exceptional, and the features are a tech enthusiast's treasure trove. The camera turns life into art, and the display is a visual masterpiece."
5, Tech Bliss ," A true tech bliss! The battery life is top-notch, and the features are a tech wonder world. The camera paints vivid memories, and the display is a visual marvel."
5, A Masterpiece ," This device is a masterpiece of technology! The battery life is exceptional, and the features are a tech enthusiast's dream. The camera captures moments like a pro, and the display is a visual delight."
5, Endless Innovation ," A world of endless innovation! The battery life is top-tier, and the features are a tech lover's dream come true. The camera creates memories beautifully, and the display is pure eye candy."
