Ratings,Comment,Reviews
5, Good ," The battery backup is excellent, and the features are great for the price. The camera quality is satisfactory, and it offers good value for money."
4, All Ok ," This phone is all right. The battery life is decent, but it lacks some advanced features. The camera is okay, and it provides reasonable value for the cost."
5, it's very nice ," It's a very nice phone overall. The battery backup is good, and the display is vibrant. The camera quality is decent, making it a great value for money."
2, Unreliable ," The phone looks good and is fast and decent for the price, and the screen is very nice (AMOLED). Unfortunately, it would simply lose its connection with T-Mobile all the time (""not registered with network"") in places where my other phones would connect with no problem. This made it a very unreliable product for me, and I had to return it. Fortunately, the seller (BREED) was very professional and accepted the return (good seller)."
5," Great buy, good supplier "," This was a great buy. The battery life is good, and the phone offers great value for money. It's a reliable device."
5, Very good cellphone ," This is a very good cellphone. The battery backup is decent, and it's great for the price. The camera quality is satisfactory."
5, Works like a charm in Brazil ," This phone works like a charm in Brazil. All good. GREAT! The battery life is great, and it's an excellent value for the money."
5, Easy to set up ," This phone is easy to set up. I haven't tried putting in a chip from an international company, but on Wi-Fi, it works fast. The battery life is decent."
4, Works really well ," The phone works really well. The battery backup is satisfactory, and the display is clear. It offers good value for the money."
5, Great ," This phone is great. The battery life is decent, and it's a fantastic value for the money. The camera quality is satisfactory."
3, Did not work with Verizon ," Unfortunately, it did not work with Verizon. The battery life is average, and it's not the best value for money."
5, Easy to set up ," This phone is easy to set up. I haven't tried putting in a chip from an international company, but on Wi-Fi, it works fast. The battery life is decent."
4, Works really well ," The phone works really well. The battery backup is satisfactory, and the display is clear. It offers good value for the money."
5, Great ," This phone is great. The battery life is decent, and it's a fantastic value for the money. The camera quality is satisfactory."
5, Excellent Value ," This phone is an excellent value for the price. The battery life is impressive, and it offers the basic features I need. The camera quality is satisfactory, making it a great purchase."
4, Reliable Phone ," I found this phone to be reliable. The battery backup is decent, and it's easy to set up. The camera works well for regular use, and it provides good value for money."
5, Perfect for Calls ," If you need a phone mainly for calls, this one is perfect. The battery lasts a long time, and it's user-friendly. The camera is basic but functional. Great value."
3, Average Battery Life ," The battery life is average, and the phone is decent for the price. The camera quality could be better. It's an okay choice if you don't expect too much."
5, Great for Seniors ," I got this phone for my elderly mom, and she loves it. The big buttons make it easy for her to use, and it's excellent for making calls. Battery life is good for her needs."
4, Simple and Reliable ," This phone is simple and reliable. The battery backup is satisfactory, and it's great for basic use. The camera is not outstanding, but it gets the job done."
2, Not for Heavy Use ," This phone is not suitable for heavy use. The battery life is disappointing, and it struggles with multitasking. The camera quality is average. It's best for basic tasks."
4, Decent Budget Option ," It's a decent budget phone. The battery backup is acceptable, and it gets the job done for regular use. The camera is not exceptional, but it's fair for the price."
5, Great for Simple Needs ," If you have simple phone needs, this is perfect. The battery life is reliable, and it's user-friendly. The camera is basic but functional. Excellent value for the cost."
3, Lacks Advanced Features ," This phone lacks some advanced features. The battery life is average, and it's not the best for gaming or heavy usage. The camera is okay for casual photos."
4, Good Basic Phone ," It's a good basic phone. The battery backup is satisfactory, and it's great for making calls and sending texts. The camera quality is basic but decent."
3, Limited Features ," This phone is limited in features. The battery life is average, and it's not suitable for advanced tasks. The camera quality is okay. It's an okay choice for basic use."
5, Reliable for Calls ," This phone is reliable for making calls. The battery lasts a long time, and it's straightforward to use. The camera is basic but works well for occasional photos."
4, Simple and Effective ," If you need a simple and effective phone, this is a good choice. The battery backup is reasonable, and it's great for basic communication. The camera does the job."
5, Affordable and Functional ," It's an affordable and functional phone. The battery life is decent, and it's easy to operate. The camera quality is basic but works for everyday photos."
2, Connectivity Issues ," I experienced connectivity issues with this phone. The battery life is average, and it frequently lost network connections. Not recommended."
5, Basic and Reliable ," This is a basic and reliable phone. The battery backup is good, and it's perfect for simple tasks. The camera quality is sufficient for regular photos."
4, Good for the Elderly ," I bought this phone for my elderly aunt, and it suits her needs. The battery life is good, and the big buttons make it easy for her to use. It's great for calls."
5, Easy to Use ," This phone is easy to use. The battery life is impressive, and it's great for everyday tasks. The camera quality is decent for casual photos. Excellent value."
3, Average Performance ," The phone delivers average performance. The battery life is okay, and it's not the best for multitasking. The camera is basic but functional."
5, Perfect for Seniors ," I purchased this for my senior mother, and she loves it. The battery lasts a long time, and it's simple for her to navigate. Excellent for calls and texts."
4, Affordable Option ," This phone is an affordable option. The battery backup is decent, and it handles standard use well. The camera quality is acceptable for everyday photos."
2, Disappointing Battery ," I was disappointed with the battery life. It drains quickly, and I had to charge it frequently. The camera is basic but works for casual photos."
5, User-Friendly ," This phone is user-friendly. The battery life is good, and it's ideal for basic tasks. The camera quality is acceptable for regular use. Good value for the price."
4, Good for the Price ," It's a good phone for the price. The battery backup is reasonable, and it's sufficient for everyday use. The camera quality is basic but works well."
5, Reliable and Simple ," This phone is reliable and simple to use. The battery life is impressive, and it's great for making calls. The camera quality is basic but functional."
3, Average Budget Phone ," This is an average budget phone. The battery life is okay, and it's decent for basic communication. The camera quality is ordinary."
4, Does the Job ," The phone does the job for basic use. The battery backup is satisfactory, and it's user-friendly. The camera quality is fair for regular photos."
5, Good for Seniors ," I got this phone for my elderly father, and it's perfect for his needs. The battery life is reliable, and the simple design makes it easy for him to use."
3, Not for Gaming ," This phone is not for gaming. The battery life is average, and it struggles with demanding apps. The camera quality is okay for casual use."
5, Excellent Battery Life ," The battery life of this phone is excellent. It lasts all day with normal usage. The camera quality is better than expected, and it's an outstanding value for the money."
4, Good for Everyday Use ," It's a good phone for everyday use. The battery backup is reasonable, and it handles standard tasks well. The camera is basic but gets the job done."
2, Connectivity Issues ," I had connectivity issues with this phone. It often dropped network connections, and that was frustrating. The battery life is average."
5, Reliable for Calls ," This phone is reliable for making calls. It has a long-lasting battery, and it's straightforward to operate. The camera is basic but works for regular photos."
4, Simple and Effective ," If you need a simple and effective phone, this is a good choice. The battery backup is decent, and it's great for basic communication. The camera does the job."
5, Affordable and Functional ," It's an affordable and functional phone. The battery life is decent, and it's easy to use. The camera quality is basic but works for everyday photos."
2, Connectivity Issues ," I experienced connectivity issues with this phone. The battery life is average, and it frequently lost network connections. Not recommended."
5, Basic and Reliable ," This is a basic and reliable phone. The battery backup is good, and it's perfect for simple tasks. The camera quality is sufficient for regular photos."
4, Good for the Elderly ," I bought this phone for my elderly aunt, and it suits her needs. The battery life is good, and the big buttons make it easy for her to use. It's great for calls."
5, Easy to Use ," This phone is easy to use. The battery life is impressive, and it's great for everyday tasks. The camera quality is decent for casual photos. Excellent value."
3, Average Performance ," The phone delivers average performance. The battery life is okay, and it's not the best for multitasking. The camera is basic but functional."
5, Perfect for Seniors ," I purchased this for my senior mother, and she loves it. The battery lasts a long time, and it's simple for her to navigate. Excellent for calls and texts."
4, Affordable Option ," This phone is an affordable option. The battery backup is decent, and it handles standard use well. The camera quality is acceptable for everyday photos."
2, Disappointing Battery ," I was disappointed with the battery life. It drains quickly, and I had to charge it frequently. The camera is basic but works for casual photos."
5, User-Friendly ," This phone is user-friendly. The battery life is good, and it's ideal for basic tasks. The camera quality is acceptable for regular use. Good value for the price."
4, Good for the Price ," It's a good phone for the price. The battery backup is reasonable, and it's sufficient for everyday use. The camera quality is basic but works well."
5, Reliable and Simple ," This phone is reliable and simple to use. The battery life is impressive, and it's great for making calls. The camera quality is basic but functional."
3, Average Budget Phone ," This is an average budget phone. The battery life is okay, and it's decent for basic communication. The camera quality is ordinary."
4, Does the Job ," The phone does the job for basic use. The battery backup is satisfactory, and it's user-friendly. The camera quality is fair for regular photos."
5, Good for Seniors ," I got this phone for my elderly father, and it's perfect for his needs. The battery life is reliable, and the simple design makes it easy for him to use."
3, Not for Gaming ," This phone is not for gaming. The battery life is average, and it struggles with demanding apps. The camera quality is okay for casual use."
5, Excellent Battery Life ," The battery life of this phone is excellent. It lasts all day with normal usage. The camera quality is better than expected, and it's an outstanding value for the money."
4, Good for Everyday Use ," It's a good phone for everyday use. The battery backup is reasonable, and it handles standard tasks well. The camera is basic but gets the job done."
2, Connectivity Issues ," I had connectivity issues with this phone. It often dropped network connections, and that was frustrating. The battery life is average."
5, Reliable for Calls ," This phone is reliable for making calls. It has a long-lasting battery, and it's straightforward to operate. The camera is basic but works for regular photos."
4, Simple and Effective ," If you need a simple and effective phone, this is a good choice. The battery backup is decent, and it's great for basic communication. The camera does the job."
5, Affordable and Functional ," It's an affordable and functional phone. The battery life is decent, and it's easy to use. The camera quality is basic but works for everyday photos."
2, Connectivity Issues ," I experienced connectivity issues with this phone. The battery life is average, and it frequently lost network connections. Not recommended."
5, Basic and Reliable ," This is a basic and reliable phone. The battery backup is good, and it's perfect for simple tasks. The camera quality is sufficient for regular photos."
4, Good for the Elderly ," I bought this phone for my elderly aunt, and it suits her needs. The battery life is good, and the big buttons make it easy for her to use. It's great for calls."
5, Easy to Use ," This phone is easy to use. The battery life is impressive, and it's great for everyday tasks. The camera quality is decent for casual photos. Excellent value."
3, Average Performance ," The phone delivers average performance. The battery life is okay, and it's not the best for multitasking. The camera is basic but functional."
5, Perfect for Seniors ," I purchased this for my senior mother, and she loves it. The battery lasts a long time, and it's simple for her to navigate. Excellent for calls and texts."
4, Affordable Option ," This phone is an affordable option. The battery backup is decent, and it handles standard use well. The camera quality is acceptable for everyday photos."
2, Disappointing Battery ," I was disappointed with the battery life. It drains quickly, and I had to charge it frequently. The camera is basic but works for casual photos."
5, User-Friendly ," This phone is user-friendly. The battery life is good, and it's ideal for basic tasks. The camera quality is acceptable for regular use. Good value for the price."
4, Good for the Price ," It's a good phone for the price. The battery backup is reasonable, and it's sufficient for everyday use. The camera quality is basic but works well."
5, Reliable and Simple ," This phone is reliable and simple to use. The battery life is impressive, and it's great for making calls. The camera quality is basic but functional."
3, Average Budget Phone ," This is an average budget phone. The battery life is okay, and it's decent for basic communication. The camera quality is ordinary."
4, Does the Job ," The phone does the job for basic use. The battery backup is satisfactory, and it's user-friendly. The camera quality is fair for regular photos."
5, Good for Seniors ," I got this phone for my elderly father, and it's perfect for his needs. The battery life is reliable, and the simple design makes it easy for him to use."
3, Not for Gaming ," This phone is not for gaming. The battery life is average, and it struggles with demanding apps. The camera quality is okay for casual use."
5, Excellent Battery Life ," The battery life of this phone is excellent. It lasts all day with normal usage. The camera quality is better than expected, and it's an outstanding value for the money."
4, Good for Everyday Use ," It's a good phone for everyday use. The battery backup is reasonable, and it handles standard tasks well. The camera is basic but gets the job done."
2, Connectivity Issues ," I had connectivity issues with this phone. It often dropped network connections, and that was frustrating. The battery life is average."
5, Reliable for Calls ," This phone is reliable for making calls. It has a long-lasting battery, and it's straightforward to operate. The camera is basic but works for regular photos."
4, Simple and Effective ," If you need a simple and effective phone, this is a good choice. The battery backup is decent, and it's great for basic communication. The camera does the job."
5, Affordable and Functional ," It's an affordable and functional phone. The battery life is decent, and it's easy to use. The camera quality is basic but works for everyday photos."
2, Connectivity Issues ," I experienced connectivity issues with this phone. The battery life is average, and it frequently lost network connections. Not recommended."
5, Basic and Reliable ," This is a basic and reliable phone. The battery backup is good, and it's perfect for simple tasks. The camera quality is sufficient for regular photos."
4, Good for the Elderly ," I bought this phone for my elderly aunt, and it suits her needs. The battery life is good, and the big buttons make it easy for her to use. It's great for calls."
5, Easy and Functional ," This phone is easy and functional. The battery life is impressive, and it suits basic needs perfectly. The camera quality is reasonable."
4, Good for Simple Tasks ," It's good for simple tasks. The battery backup is decent, and it's user-friendly. The camera quality is basic but sufficient for everyday photos."
3, Average Battery Life , The battery life is average. It gets through the day with moderate use. The camera is basic but works fine. It's a budget-friendly option.
2, Not for Gaming ," This phone is not suitable for gaming. The battery drains quickly, and it struggles with heavy apps. The camera quality is basic."
5, Great for Seniors ," I got this for my senior relative, and it's perfect for them. The battery life is reliable, and the phone is easy to navigate. Excellent for calls."
4, Affordable and Practical ," It's an affordable and practical phone. The battery backup is decent, and it's straightforward to use. The camera quality is basic but functional."
2, Connectivity Issues ," I faced connectivity issues with this phone. It often lost network connections, and the battery life is average. Not recommended."
5, Basic and Reliable ," This is a basic and reliable phone. The battery life is good, and it's perfect for simple tasks. The camera quality is sufficient for regular photos."
4, Good for the Elderly ," I purchased this for my elderly parent, and it suits their needs. The battery life is good, and the simple design makes it user-friendly."
5, Easy to Use ," This phone is easy to use. The battery life is impressive, and it's great for everyday tasks. The camera quality is decent for casual photos."
3, Average Performance ," The phone delivers average performance. The battery life is okay, and it's not ideal for multitasking. The camera is basic but functional."
5, Perfect for Seniors ," I bought this for my elderly mother, and she loves it. The battery lasts a long time, and it's simple for her to navigate. Excellent for calls and texts."
4, Affordable Option ," This phone is an affordable option. The battery backup is decent, and it handles standard use well. The camera quality is acceptable for everyday photos."
2, Disappointing Battery ," I was disappointed with the battery life. It drains quickly, and I had to charge it frequently. The camera is basic but works for casual photos."
5, User-Friendly ," This phone is user-friendly. The battery life is good, and it's perfect for basic tasks. The camera quality is acceptable for regular use. Good value for the price."
4, Good for the Price ," It's a good phone for the price. The battery backup is reasonable, and it's sufficient for everyday use. The camera quality is basic but works well."
5, Reliable and Simple ," This phone is reliable and simple to use. The battery life is impressive, and it's great for making calls. The camera quality is basic but functional."
3, Average Budget Phone ," This is an average budget phone. The battery life is okay, and it's decent for basic communication. The camera quality is ordinary."
4, Does the Job ," The phone does the job for basic use. The battery backup is satisfactory, and it's user-friendly. The camera quality is fair for regular photos."
5, Good for Seniors ," I got this phone for my elderly father, and it's perfect for his needs. The battery life is reliable, and the simple design makes it easy for him to use."
3, Not for Gaming ," This phone is not for gaming. The battery life is average, and it struggles with demanding apps. The camera quality is okay for casual use."
5, Excellent Battery Life ," The battery life of this phone is excellent. It lasts all day with normal usage. The camera quality is better than expected, and it's an outstanding value for the money."
4, Good for Everyday Use ," It's a good phone for everyday use. The battery backup is reasonable, and it handles standard tasks well. The camera is basic but gets the job done."
2, Connectivity Issues ," I had connectivity issues with this phone. It often dropped network connections, and that was frustrating. The battery life is average."
5, Reliable for Calls ," This phone is reliable for making calls. It has a long-lasting battery, and it's straightforward to operate. The camera is basic but works for regular photos."
4, Simple and Effective ," If you need a simple and effective phone, this is a good choice. The battery backup is decent, and it's great for basic communication. The camera does the job."
5, Affordable and Functional ," It's an affordable and functional phone. The battery life is decent, and it's easy to use. The camera quality is basic but works for everyday photos."
2, Connectivity Issues ," I experienced connectivity issues with this phone. It often lost network connections, and the battery life is average. Not recommended."
5, Basic and Reliable ," This is a basic and reliable phone. The battery life is good, and it's perfect for simple tasks. The camera quality is sufficient for regular photos."
4, Good for the Elderly ," I purchased this for my elderly aunt, and it suits her needs. The battery life is good, and the big buttons make it user-friendly. It's great for calls."
5, Excellent for Seniors ," This phone is excellent for seniors. It's simple to use, has a long-lasting battery, and is perfect for calls and messages."
3, Average Performance ," The phone's performance is average. The battery life is decent, and it's suitable for basic tasks. The camera quality is basic."
4, Good for Everyday Use ," It's a good phone for everyday use. The battery backup is reasonable, and it handles standard tasks well. The camera quality is fair."
2, Connectivity Issues ," I experienced connectivity issues with this phone. It frequently dropped network connections, and the battery life was average. Not recommended."
5, Reliable for Calls ," This phone is reliable for making calls. It has a long-lasting battery, and it's straightforward to operate. The camera is basic but works well."
4, Affordable and Practical ," It's an affordable and practical phone. The battery backup is decent, and it's straightforward to use. The camera quality is basic but functional."
2, Connectivity Problems ," I had problems with connectivity on this phone. It often lost network connections, and the battery life was mediocre. Not recommended."
4, Good for Basic Use , This phone is good for basic use. It has a decent battery life and is easy to use. The camera does the job for regular photos.
5, Perfect for Seniors ," This phone is perfect for seniors. It has a long-lasting battery, and the interface is user-friendly. Ideal for calls and texting."
3, Average Battery Life , The battery life is average. It gets through the day with moderate use. The camera is basic but functional. It's a budget-friendly option.
4, Good Value for Money ," This phone offers good value for money. The battery life is reasonable, and it's user-friendly. The camera quality is adequate for everyday use."
5, Reliable and Simple ," This phone is reliable and simple to use. The battery life is impressive, and it's great for making calls. The camera quality is basic but functional."
3, Average Budget Phone ," This is an average budget phone. The battery life is okay, and it's decent for basic communication. The camera quality is ordinary."
4, Satisfactory Performance ," The phone delivers satisfactory performance. The battery life is decent, and it handles standard tasks well. The camera quality is basic but works fine."
5, Excellent Battery Life ," The battery life of this phone is excellent. It lasts all day with normal usage. The camera quality is better than expected, and it's an outstanding value for the money."
4, Affordable Option ," This phone is an affordable option. The battery backup is decent, and it's sufficient for everyday use. The camera quality is acceptable for regular photos."
2, Disappointing Battery ," I was disappointed with the battery life. It drains quickly, and I had to charge it frequently. The camera is basic but works for casual photos."
5, User-Friendly ," This phone is user-friendly. The battery life is good, and it's perfect for basic tasks. The camera quality is acceptable for regular use. Good value for the price."
4, Good for the Price ," It's a good phone for the price. The battery backup is reasonable, and it's sufficient for everyday use. The camera quality is basic but works well."
5, Affordable and Functional ," It's an affordable and functional phone. The battery life is decent, and it's easy to use. The camera quality is basic but works for everyday photos."
5, Perfect for Basic Use , This phone is perfect for basic use. It has a decent battery life and is easy to use. The camera does the job for regular photos.
3, Average Performance ," The phone's performance is average. The battery life is decent, and it's suitable for basic tasks. The camera quality is basic."
4, Good for Simple Needs ," It's good for simple needs. The battery backup is reasonable, and it's user-friendly. The camera quality is sufficient for everyday photos."
2, Connectivity Issues ," I faced connectivity issues with this phone. It often lost network connections, and the battery life is average. Not recommended."
5, Reliable for Calls ," This phone is reliable for making calls. It has a long-lasting battery, and it's straightforward to operate. The camera is basic but works well."
4, Affordable and Practical ," It's an affordable and practical phone. The battery backup is decent, and it's straightforward to use. The camera quality is basic but functional."
2, Connectivity Problems ," I had problems with connectivity on this phone. It frequently lost network connections, and the battery life was mediocre. Not recommended."
4, Good for Basic Use , This phone is good for basic use. It has a decent battery life and is easy to use. The camera does the job for regular photos.
5, Perfect for Seniors ," This phone is perfect for seniors. It has a long-lasting battery, and the interface is user-friendly. Ideal for calls and texting."
3, Average Battery Life , The battery life is average. It gets through the day with moderate use. The camera is basic but functional. It's a budget-friendly option.
4, Does the Job ," The phone does the job for basic use. The battery backup is satisfactory, and it's user-friendly. The camera quality is fair for regular photos."
5, Good for Elderly ," I got this phone for my elderly relative, and it's great for their needs. The battery life is reliable, and the simple design makes it user-friendly."
3, Not for Heavy Use ," This phone isn't suitable for heavy use. The battery life is average, and it struggles with demanding apps. The camera quality is okay for casual use."
5, Excellent Battery Life ," The battery life of this phone is excellent. It lasts all day with normal usage. The camera quality is better than expected, and it's an outstanding value for the money."
4, Reliable Communication ," This phone ensures reliable communication. The battery life is satisfactory, and it's user-friendly. The camera quality is basic but functional."
5, Affordable and User-Friendly ," It's an affordable and user-friendly phone. The battery backup is decent, and it's straightforward to use. The camera quality is basic but works well."
2, Frequent Network Issues ," I faced frequent network issues with this phone. It often lost connections, making it frustrating to use. The battery life was also mediocre."
5, Perfect for Basic Communication ," This phone is perfect for basic communication needs. The battery life is good, and it's reliable for making calls. The camera is decent for regular photos."
4, Good for Light Usage ," It's good for light usage. The battery backup is reasonable, and it handles basic tasks well. The camera quality is adequate for everyday photos."
3, Mediocre Battery Life ," The battery life is mediocre. It needs frequent charging, and the camera is basic but functional. Suitable for casual use."
5, Ideal for Seniors ," This phone is ideal for seniors. It's simple to use, has a long-lasting battery, and is perfect for calls and text messages."
4, Adequate Budget Phone ," This is an adequate budget phone. The battery life is decent, and it's sufficient for basic communication. The camera quality is basic but functional."
2, Frequent Connectivity Problems ," I had frequent connectivity problems with this phone. It often lost network connections, and the battery life was average."
5, Reliable Call Quality ," The phone provides reliable call quality. It has a long-lasting battery, and it's easy to operate. The camera is basic but works well for regular photos."
4, Impressive Battery Life , The battery life on this phone is quite impressive. I was pleasantly surprised by how long it lasts on a single charge.
5, Feature-Rich Delight , It's a feature-rich delight! This phone offers all the features I need and more. Truly a versatile device.
2, Camera Woes ," Unfortunately, the camera disappointed me. It struggles in low-light conditions, and the photos often lack clarity."
5, Battery Beast ," This phone is a battery beast! It keeps going and going, making it perfect for long days and travel."
4, Display Brilliance ," The display on this phone is brilliant. It's sharp, vibrant, and makes everything look stunning."
3, Value Dilemma ," I'm in a bit of a value dilemma. While it's not the cheapest phone, the features it offers are well worth the price."
5, Efficient Power Saver ," An efficient power saver! The battery management on this phone is top-notch, ensuring it lasts all day with ease."
4, Stellar Display ," The display is stellar. It's a visual treat, and watching videos or browsing the web is a joy."
2, Feature Frustration ," I found the features to be a bit frustrating. They often lag or freeze, making the overall experience less enjoyable."
5, Outstanding Value , This phone is an outstanding value for money. It offers a great balance of features and performance at an affordable price.
4, Camera Prodigy ," The camera on this phone is a prodigy! It captures stunning photos, and the low-light performance is surprisingly good."
3, Battery Balance ," It strikes a good battery balance. It's not the best, but it gets through the day comfortably."
5, Feature-Rich Wonder , A feature-rich wonder! I can't believe all the things this phone can do. It's like having a mini-computer in my pocket.
4, Vibrant Display ," The display is vibrant and immersive. It brings content to life, whether it's videos, games, or photos."
2, Feature Fiasco ," The features on this phone are a bit of a fiasco. They often crash or malfunction, which can be frustrating."
5, Budget Brilliance , This phone is budget brilliance. It's affordable and delivers excellent value with its features and performance.
4, Camera Magic , The camera on this phone is pure magic. It's like having a professional photographer in your pocket.
3, Battery Management ," The battery management is decent. It gets the job done, but don't expect it to go the extra mile."
5, Feature-Packed Gem , A feature-packed gem! This phone keeps surprising me with all the things it can do. It's a tech-lover's dream.
4, Display Delight ," The display is a true delight. It's sharp, colorful, and a treat for my eyes."
2, Feature Failures ," Unfortunately, I encountered several feature failures. The phone froze multiple times, making it frustrating to use."
5, Affordable Excellence ," An affordable phone that exudes excellence. It's a steal for the price, offering top-notch features and performance."
4, Camera Masterpiece ," The camera on this phone is a masterpiece. It captures every detail with clarity, even in challenging lighting conditions."
3, Battery Mediocrity ," The battery is somewhat mediocre. It gets through the day, but I was hoping for more."
5, Feature Fiesta , A feature fiesta! This phone is a party of functions and capabilities. It's a joy to explore all the features it offers.
4, Good Battery Life , The battery life is good. It gets me through the day without any issues.
5, Loaded with Features , This phone is loaded with features. It's versatile and offers a lot for the price.
2, Camera Struggles ," The camera struggles in low light, and the photos lack clarity."
5, Long-Lasting Battery ," The battery is long-lasting, which is a big plus for busy days."
4, Sharp Display ," The display is sharp and vibrant, making everything look great."
3, Decent Value ," It offers decent value for the money, with a balanced set of features."
5, Efficient Battery ," The battery management is efficient, ensuring it lasts all day."
4, Impressive Display ," The display is impressive, providing an immersive experience."
2, Feature Issues , I faced some feature issues. They occasionally lag or freeze.
5, Great Value ," This phone is great value for money, offering a mix of features and performance."
4, Excellent Camera , The camera is excellent and captures stunning photos.
3, Average Battery Life ," The battery life is average, getting through the day but not more."
5, Feature-Rich , A feature-rich device that caters to tech enthusiasts.
4, Vibrant Screen , The screen is vibrant and brings content to life.
2, Feature Problems ," I encountered problems with some features, leading to frustration."
5, Affordable Gem , An affordable gem with a good balance of features.
4, Camera Quality ," The camera quality is top-notch, producing professional-level photos."
3, Decent Battery ," The battery management is decent, providing moderate usage."
5, Feature-Packed , A feature-packed phone that tech-savvy users will appreciate.
4, Impressive Display ," The display is impressive, delivering an enjoyable visual experience."
2, Feature Failures ," Unfortunately, I experienced failures with some features."
5, Budget Excellence , Budget-friendly and excellent in terms of features.
4, Camera Performance , The camera performs exceptionally well in various conditions.
3, Battery Mediocrity ," The battery performance is mediocre, meeting basic requirements."
5, Feature-Rich Choice , A feature-rich choice that offers versatility and functionality.
4, Crisp Display ," The display is crisp and clear, enhancing the overall user experience."
2, Feature Glitches , Glitches and malfunctions with certain features can be frustrating.
5, Affordable Power , An affordable phone with powerful features and capabilities.
4, Camera Excellence , The camera excels in capturing high-quality photos.
3, Battery Management , Battery management is decent but doesn't stand out.
1, Battery Drain , This phone has a severe battery drain issue. It barely lasts a few hours.
1, Constant Feature Crashes ," The phone's features frequently crash, making it frustrating to use."
1, Camera Problems ," The camera quality is poor, especially in low-light conditions."
1, Rapid Battery Depletion ," The battery depletes rapidly, requiring frequent recharging."
1, Lackluster Features , The phone's features are lackluster and offer little utility.
1, Blurry Camera , The camera consistently produces blurry and disappointing photos.
1, Dim Display , The display is dim and challenging to view in bright environments.
1, Useless Features , The phone's features seem pointless and don't add much value.
1, Battery Woes ," The battery is a constant source of frustration, running out quickly."
1, Disappointing Device ," Overall, this phone is a disappointment with its limitations."
