Ratings,Comment,Reviews,,,,,,,,,,,,,,,,,,,,,Comment
5, Excellent battery life ," The battery backup is excellent, and it lasts a long time.",,,,,,,,,,,,,,,,,,,,,
5, Impressive features , Loaded with impressive features that make it stand out.,,,,,,,,,,,,,,,,,,,,,
5, Outstanding camera quality , The camera captures stunning photos and videos.,,,,,,,,,,,,,,,,,,,,,
5, Reliable battery performance , The battery performance is consistently reliable.,,,,,,,,,,,,,,,,,,,,,
5, Vibrant display , The display is vibrant and offers a great visual experience.,,,,,,,,,,,,,,,,,,,,,
4, Great value for money ," Provides great value for money, worth every penny.",,,,,,,,,,,,,,,,,,,,,
4, Fantastic battery backup ," The battery backup is fantastic, lasts all day.",,,,,,,,,,,,,,,,,,,,,
4, Top-notch features , Packed with top-notch features that enhance usability.,,,,,,,,,,,,,,,,,,,,,
4, Camera delivers superb results ," The camera delivers superb results, very satisfied.",,,,,,,,,,,,,,,,,,,,,
4, Exceptional display quality ," The display quality is exceptional, sharp and vivid.",,,,,,,,,,,,,,,,,,,,,
4, Stellar battery life ," The battery backup is stellar, rarely needs charging.",,,,,,,,,,,,,,,,,,,,,
3, Feature-packed delight ," This phone is a feature-packed delight, everything you need.",,,,,,,,,,,,,,,,,,,,,
3, Camera excellence ," The camera's performance is excellent, captures memories beautifully.",,,,,,,,,,,,,,,,,,,,,
1, Pathetic battery performance ," The battery performance is pathetic, barely lasts.",,,,,,,,,,,,,,,,,,,,,
1, Confusing features , Confusing features that make using the phone a struggle.,,,,,,,,,,,,,,,,,,,,,
1, Camera disappoints , The camera disappoints with blurry and unsatisfactory photos.,,,,,,,,,,,,,,,,,,,,,
1, Display is a nightmare ," The display is a nightmare, blurry and hard to use.",,,,,,,,,,,,,,,,,,,,,
3, Consistently reliable battery , Never worry about the battery; it's consistently reliable.,,,,,,,,,,,,,,,,,,,,,
5, Picture-perfect camera ," The camera is picture-perfect, love every shot.",,,,,,,,,,,,,,,,,,,,,
5, Stunning display quality , The stunning display quality takes visuals to the next level.,,,,,,,,,,,,,,,,,,,,,
5, Battery life masterpiece , The phone's battery life is a masterpiece of endurance.,,,,,,,,,,,,,,,,,,,,,
5, User-friendly features , User-friendly features make this phone a joy to use.,,,,,,,,,,,,,,,,,,,,,
4, Camera excellence , The camera delivers excellence with every click.,,,,,,,,,,,,,,,,,,,,,
4, Value for money gem ," This phone is a value-for-money gem, exceeded expectations.",,,,,,,,,,,,,,,,,,,,,
4, Battery that goes the distance ," A battery that goes the distance, truly reliable.",,,,,,,,,,,,,,,,,,,,,
4, Feature-rich powerhouse , A feature-rich powerhouse that doesn't disappoint.,,,,,,,,,,,,,,,,,,,,,
4, Camera brilliance , The camera's brilliance shines in every photo.,,,,,,,,,,,,,,,,,,,,,
4, Display perfection , Experience display perfection with vibrant colors.,,,,,,,,,,,,,,,,,,,,,
4, Unmatched value for money ," Unmatched value for money, an incredible purchase.",,,,,,,,,,,,,,,,,,,,,
4, All-day battery champ ," It's an all-day battery champ, no need to worry.",,,,,,,,,,,,,,,,,,,,,
4, Top-tier features , Enjoy top-tier features for a seamless experience.,,,,,,,,,,,,,,,,,,,,,
4, Captivating camera ," The camera is captivating, captures every detail.",,,,,,,,,,,,,,,,,,,,,
5, Display magic ," The display works like magic, so vivid and clear.",,,,,,,,,,,,,,,,,,,,,
5, Exceptional battery performance , Exceptional battery performance that lasts.,,,,,,,,,,,,,,,,,,,,,
5, Feature-rich wonder ," This phone is a feature-rich wonder, impressed.",,,,,,,,,,,,,,,,,,,,,
5, Camera that wows , The camera consistently wows with its results.,,,,,,,,,,,,,,,,,,,,,
5, Crisp and vibrant display , Enjoy a crisp and vibrant display with every use.,,,,,,,,,,,,,,,,,,,,,
5, Unbeatable value ," It offers unbeatable value, worth every penny.",,,,,,,,,,,,,,,,,,,,,
5, Battery endurance ," The battery endurance is impressive, no charging worries.",,,,,,,,,,,,,,,,,,,,,
5, Features that amaze , Features that amaze and make life easier.,,,,,,,,,,,,,,,,,,,,,
5, Camera perfection ," The camera is perfection, captures memories beautifully.",,,,,,,,,,,,,,,,,,,,,
4, Impressive battery backup , The battery backup is impressive; lasts all day.,,,,,,,,,,,,,,,,,,,,,
4, Well-rounded features , Loaded with well-rounded features for convenience.,,,,,,,,,,,,,,,,,,,,,
4, Above-average camera , The camera delivers above-average results.,,,,,,,,,,,,,,,,,,,,,
4, Reliable battery life , The battery life is reliable; no sudden drains.,,,,,,,,,,,,,,,,,,,,,
4, Vibrant display quality , Enjoy a vibrant display with vivid colors.,,,,,,,,,,,,,,,,,,,,,
4, Good value for money , Good value for money; a solid purchase.,,,,,,,,,,,,,,,,,,,,,
4, Satisfactory battery performance ," Satisfactory battery performance, gets the job done.",,,,,,,,,,,,,,,,,,,,,
4, User-friendly features , User-friendly features make navigation easy.,,,,,,,,,,,,,,,,,,,,,
4, Camera delivers quality , The camera consistently delivers quality shots.,,,,,,,,,,,,,,,,,,,,,
4, Clear and sharp display ," The display is clear and sharp, a visual treat.",,,,,,,,,,,,,,,,,,,,,
4, Worth the money , Worth the money spent; a decent buy.,,,,,,,,,,,,,,,,,,,,,
4, Decent battery backup , The phone offers a decent battery backup.,,,,,,,,,,,,,,,,,,,,,
4, Functional features , Functional features that cater to your needs.,,,,,,,,,,,,,,,,,,,,,
4, Camera does the job ," The camera does the job, captures memories well.",,,,,,,,,,,,,,,,,,,,,
4, Balanced display , A balanced display with good clarity.,,,,,,,,,,,,,,,,,,,,,
4, Great bang for the buck , It's a great bang for the buck; impressive.,,,,,,,,,,,,,,,,,,,,,
4, Battery performs well , The battery performs well; no complaints.,,,,,,,,,,,,,,,,,,,,,
3, Adequate battery backup , The battery backup is adequate for daily use.,,,,,,,,,,,,,,,,,,,,,
3, Standard features , Standard features without any surprises.,,,,,,,,,,,,,,,,,,,,,
3, Average camera performance , The camera's performance is average.,,,,,,,,,,,,,,,,,,,,,
3, Inconsistent battery life , The battery life is somewhat inconsistent.,,,,,,,,,,,,,,,,,,,,,
3, Decent but not extraordinary display , The display is decent but not extraordinary.,,,,,,,,,,,,,,,,,,,,,
3, Moderate value for money , Offers moderate value for money.,,,,,,,,,,,,,,,,,,,,,
3, Okay battery performance , The battery performance is okay.,,,,,,,,,,,,,,,,,,,,,
3, Usual features , Usual features that are commonly found.,,,,,,,,,,,,,,,,,,,,,
3, Camera is passable , The camera is passable for everyday shots.,,,,,,,,,,,,,,,,,,,,,
3, Display is standard , A standard display with no frills.,,,,,,,,,,,,,,,,,,,,,
3, Mediocre investment , A mediocre investment for the price.,,,,,,,,,,,,,,,,,,,,,
3, Battery needs improvement , The battery could use some improvement.,,,,,,,,,,,,,,,,,,,,,
3, Basic features , Basic features with no bells and whistles.,,,,,,,,,,,,,,,,,,,,,
4, Handy features , Handy features that enhance usability.,,,,,,,,,,,,,,,,,,,,,
4, Camera is reliable , The camera is reliable; no disappointments.,,,,,,,,,,,,,,,,,,,,,
4, Display is satisfactory , The display is satisfactory; does its job.,,,,,,,,,,,,,,,,,,,,,
4, Affordable value ," Affordable value for money, a budget-friendly option.",,,,,,,,,,,,,,,,,,,,,
4, Adequate battery life , Adequate battery life; lasts through the day.,,,,,,,,,,,,,,,,,,,,,
4, Convenient features , Convenient features for everyday use.,,,,,,,,,,,,,,,,,,,,,
4, Camera captures well , The camera consistently captures well.,,,,,,,,,,,,,,,,,,,,,
4, Clear display , Enjoy a clear display with decent visuals.,,,,,,,,,,,,,,,,,,,,,
4, Good investment , A good investment for the price.,,,,,,,,,,,,,,,,,,,,,
4, Battery is sufficient , The battery is sufficient for daily use.,,,,,,,,,,,,,,,,,,,,,
3, Average purchase , An average purchase for the cost.,,,,,,,,,,,,,,,,,,,,,
3, Battery is acceptable , The battery is acceptable for everyday use.,,,,,,,,,,,,,,,,,,,,,
3, Features are common , Common features with no standout elements.,,,,,,,,,,,,,,,,,,,,,
3, Camera performance is standard , The camera performance is standard.,,,,,,,,,,,,,,,,,,,,,
3, Display is as expected ," The display is as expected, no surprises.",,,,,,,,,,,,,,,,,,,,,
3, Adequate value for money , Offers adequate value for money.,,,,,,,,,,,,,,,,,,,,,
4, Features are practical , Practical features that make life easier.,,,,,,,,,,,,,,,,,,,,,
4, Camera performance is decent , The camera performance is decent.,,,,,,,,,,,,,,,,,,,,,
4, Display meets expectations , The display meets expectations.,,,,,,,,,,,,,,,,,,,,,
4, Value for the cost , Provides good value for the cost.,,,,,,,,,,,,,,,,,,,,,
3, Display is ordinary ," An ordinary display, nothing special.",,,,,,,,,,,,,,,,,,,,,
3, Average value for money , Provides average value for money.,,,,,,,,,,,,,,,,,,,,,
1, Terrible battery backup ," The battery backup is absolutely terrible, constantly in need of charging.",,,,,,,,,,,,,,,,,,,,,
1, Useless features ," Useless features that add no value, a disappointment.",,,,,,,,,,,,,,,,,,,,,
1, Dreadful camera quality ," The camera quality is dreadful, ruins every shot.",,,,,,,,,,,,,,,,,,,,,
1, Battery drains rapidly ," The battery drains rapidly, a constant headache.",,,,,,,,,,,,,,,,,,,,,
3, Justifies the cost , Justifies the cost but doesn't exceed expectations.,,,,,,,,,,,,,,,,,,,,,
3, Battery is serviceable , The battery is serviceable for daily use.,,,,,,,,,,,,,,,,,,,,,
3, Basic functionality , Basic functionality without any frills.,,,,,,,,,,,,,,,,,,,,,
1, Atrocious display , An atrocious display with dull colors and poor clarity.,,,,,,,,,,,,,,,,,,,,,
3, Display is typical , A typical display that gets the job done.,,,,,,,,,,,,,,,,,,,,,
3, Camera is average , The camera delivers average results.,,,,,,,,,,,,,,,,,,,,,
3, Battery life is decent , The battery life is decent but not outstanding.,,,,,,,,,,,,,,,,,,,,,
3, Common features , Common features that are nothing out of the ordinary.,,,,,,,,,,,,,,,,,,,,,
3, Camera performance is mediocre , The camera performance is mediocre.,,,,,,,,,,,,,,,,,,,,,
3, Standard display quality , A standard display with typical quality.,,,,,,,,,,,,,,,,,,,,,
3, Camera meets basic needs , The camera meets basic photography needs.,,,,,,,,,,,,,,,,,,,,,
5, Crisp and vivid display , Enjoy a crisp and vivid display for all your content.,,,,,,,,,,,,,,,,,,,,,
5, Unbeatable value for money ," Unbeatable value for money, a steal of a deal!",,,,,,,,,,,,,,,,,,,,,
5, All-day battery champion ," It's an all-day battery champion, no need to carry a charger.",,,,,,,,,,,,,,,,,,,,,
5, Top-of-the-line features , Loaded with top-of-the-line features; truly impressive.,,,,,,,,,,,,,,,,,,,,,
1, Money down the drain , Money down the drain on this poor investment.,,,,,,,,,,,,,,,,,,,,,
1, Awful battery life ," The battery life is awful, constant recharging.",,,,,,,,,,,,,,,,,,,,,
1, Worthless features , Worthless features that serve no purpose.,,,,,,,,,,,,,,,,,,,,,
1, Camera quality is horrendous ," The camera quality is horrendous, nothing salvageable.",,,,,,,,,,,,,,,,,,,,,
1, Battery is unreliable ," The battery is highly unreliable, can't count on it.",,,,,,,,,,,,,,,,,,,,,
1, Features are impractical , Features are impractical and difficult to use.,,,,,,,,,,,,,,,,,,,,,
1, Ruined photos ," The camera ruins every photo, no clarity or focus.",,,,,,,,,,,,,,,,,,,,,
1, Display is lackluster , A lackluster display with dull visuals.,,,,,,,,,,,,,,,,,,,,,
1, Regretful purchase ," A regretful purchase, wish I never bought it.",,,,,,,,,,,,,,,,,,,,,
1, Money wasted ," Money wasted on this product, a terrible decision.",,,,,,,,,,,,,,,,,,,,,
5, Battery that goes the extra mile , The battery backup goes the extra mile; lasts for days.,,,,,,,,,,,,,,,,,,,,,
5, Feature-rich and user-friendly , Loaded with features and incredibly user-friendly.,,,,,,,,,,,,,,,,,,,,,
5, Camera excellence once again ," Once again, the camera delivers excellence in every shot.",,,,,,,,,,,,,,,,,,,,,
5, Reliable battery performance , Count on the battery for consistent and reliable performance.,,,,,,,,,,,,,,,,,,,,,
5, Display brilliance ," The display shines with brilliance, offering stunning visuals.",,,,,,,,,,,,,,,,,,,,,
5, Unbeatable value for money ," Unbeatable value for money, an investment well worth it.",,,,,,,,,,,,,,,,,,,,,
5, Battery life to envy ," Battery life that others will envy, long-lasting and reliable.",,,,,,,,,,,,,,,,,,,,,
5, Top-tier features ," Packed with top-tier features, this phone is a standout.",,,,,,,,,,,,,,,,,,,,,
5, Camera that never disappoints ," The camera never disappoints, capturing memories beautifully.",,,,,,,,,,,,,,,,,,,,,
5, Exceptional battery life ," The battery life is exceptional, lasts for days.",,,,,,,,,,,,,,,,,,,,,
4, Reliable battery performance , The battery performance is reliable and consistent.,,,,,,,,,,,,,,,,,,,,,
1, Horrible battery backup ," The battery backup is absolutely horrible, drains rapidly.",,,,,,,,,,,,,,,,,,,,,
5, Loaded with amazing features ," This phone is loaded with amazing features, a true delight.",,,,,,,,,,,,,,,,,,,,,
4, User-friendly features , User-friendly features make this phone a breeze to use.,,,,,,,,,,,,,,,,,,,,,
1, Disappointing features , Disappointing features that offer no real value.,,,,,,,,,,,,,,,,,,,,,
5, Camera that always impresses , The camera always impresses with its quality.,,,,,,,,,,,,,,,,,,,,,
4, Camera captures beautifully , The camera consistently captures moments beautifully.,,,,,,,,,,,,,,,,,,,,,
1, Camera is terrible , The camera is terrible and ruins every shot.,,,,,,,,,,,,,,,,,,,,,
5, Stunning display clarity , The display offers stunning clarity and vibrant colors.,,,,,,,,,,,,,,,,,,,,,
5, Unmatched value for money ," Unmatched value for money, it exceeds expectations.",,,,,,,,,,,,,,,,,,,,,
5, Battery life that goes on and on ," The battery life just goes on and on, no need to worry.",,,,,,,,,,,,,,,,,,,,,
5, A feature-rich marvel , A feature-rich marvel that makes daily tasks a breeze.,,,,,,,,,,,,,,,,,,,,,
5, Camera that shines ," The camera consistently shines, capturing every detail.",,,,,,,,,,,,,,,,,,,,,
4, Battery life exceeds expectations ," The battery life exceeds expectations, a pleasant surprise.",,,,,,,,,,,,,,,,,,,,,
4, User-friendly features , User-friendly features make using the device a breeze.,,,,,,,,,,,,,,,,,,,,,
4, Camera captures vividly , The camera captures moments vividly and with clarity.,,,,,,,,,,,,,,,,,,,,,
4, Display is exceptional ," The display is exceptional, providing clear and vibrant visuals.",,,,,,,,,,,,,,,,,,,,,
4, Great value for money ," Great value for money, a smart purchase.",,,,,,,,,,,,,,,,,,,,,
5, Camera that captures beautifully , The camera captures every moment beautifully.,,,,,,,,,,,,,,,,,,,,,
5, Display quality beyond expectations , The display quality goes beyond expectations.,,,,,,,,,,,,,,,,,,,,,
5, Exemplary value for money ," An exemplary value for money, a purchase to cherish.",,,,,,,,,,,,,,,,,,,,,
4, Battery performance is commendable ," The battery performance is commendable, reliable.",,,,,,,,,,,,,,,,,,,,,
4, Loaded with practical features , Loaded with practical features that make my life easier.,,,,,,,,,,,,,,,,,,,,,
4, Camera delivers quality , The camera consistently delivers quality shots.,,,,,,,,,,,,,,,,,,,,,
4, Display is a visual treat , The display is a visual treat with vivid colors.,,,,,,,,,,,,,,,,,,,,,
4, Battery that endures ," The battery endures for hours, no constant charging needed.",,,,,,,,,,,,,,,,,,,,,
5, Display that wows , The display wows with its sharpness and clarity.,,,,,,,,,,,,,,,,,,,,,
5, Outstanding battery performance ," Outstanding battery performance, no need to charge frequently.",,,,,,,,,,,,,,,,,,,,,
5, A wise investment , A wise investment that provides great value for money.,,,,,,,,,,,,,,,,,,,,,
5, Battery life that impresses , The battery life impresses with its longevity.,,,,,,,,,,,,,,,,,,,,,
5, User-friendly features , User-friendly features that are a joy to use.,,,,,,,,,,,,,,,,,,,,,
5, Display quality at its finest ," Experience display quality at its finest, clear and vibrant.",,,,,,,,,,,,,,,,,,,,,
5, Battery endurance champion ," The phone is a battery endurance champion, no charging hassles.",,,,,,,,,,,,,,,,,,,,,
5, Convenient and practical features , Enjoy convenient and practical features that make life easier.,,,,,,,,,,,,,,,,,,,,,
5, Picture-perfect camera , The camera is consistently picture-perfect; every shot is a delight.,,,,,,,,,,,,,,,,,,,,,
5, Clear and vivid display ," The display is clear and vivid, offering an exceptional visual experience.",,,,,,,,,,,,,,,,,,,,,
5, Excellent value for money ," An excellent value for money, this phone is a wise investment.",,,,,,,,,,,,,,,,,,,,,
5, Battery that keeps going ," The battery keeps going, offering hours of uninterrupted usage.",,,,,,,,,,,,,,,,,,,,,
5, Top-notch and user-friendly features , The top-notch and user-friendly features enhance usability.,,,,,,,,,,,,,,,,,,,,,
5, Camera that impresses every time , The camera impresses every time with its quality.,,,,,,,,,,,,,,,,,,,,,
5, Display that captivates , The display captivates with its clarity and vibrant colors.,,,,,,,,,,,,,,,,,,,,,
4, Impressive battery life , The battery life is impressive and keeps me going all day.,,,,,,,,,,,,,,,,,,,,,
4, Feature-rich device , A feature-rich device that enhances my daily tasks.,,,,,,,,,,,,,,,,,,,,,
4, Camera performs well ," The camera consistently performs well, capturing memories beautifully.",,,,,,,,,,,,,,,,,,,,,
4, Reliable battery performance ," The battery performance is reliable, never lets me down.",,,,,,,,,,,,,,,,,,,,,
4, Vibrant display quality ," The display quality is vibrant, delivering stunning visuals.",,,,,,,,,,,,,,,,,,,,,
4, Excellent value for money ," An excellent value for money, a wise investment.",,,,,,,,,,,,,,,,,,,,,
4, Battery lasts all day ," The battery lasts all day, no need to worry about charging.",,,,,,,,,,,,,,,,,,,,,
4, Convenient and practical features , Convenient and practical features simplify my life.,,,,,,,,,,,,,,,,,,,,,
4, Consistent camera quality , The camera maintains consistent quality in every shot.,,,,,,,,,,,,,,,,,,,,,
4, Clear and sharp display ," Enjoy a clear and sharp display, enhancing the visuals.",,,,,,,,,,,,,,,,,,,,,
4, Impressive battery backup ," The Samsung Galaxy J5 boasts an impressive battery backup, ensuring it lasts all day.",,,,,,,,,,,,,,,,,,,,,
5, Feature-rich and user-friendly ," This phone is feature-rich and user-friendly, making it a delight to use.",,,,,,,,,,,,,,,,,,,,,
4, Outstanding camera performance , The camera's outstanding performance ensures every photo is a masterpiece.,,,,,,,,,,,,,,,,,,,,,
5, Reliable battery life ," Count on the Samsung Galaxy J5 for reliable battery life, no unexpected drains.",,,,,,,,,,,,,,,,,,,,,
4, Vibrant display quality ," The display quality is vibrant, providing stunning visuals and sharp clarity.",,,,,,,,,,,,,,,,,,,,,
5, Excellent value for money ," The Samsung Galaxy J5 offers excellent value for money, a smart investment.",,,,,,,,,,,,,,,,,,,,,
5, Long-lasting battery , The long-lasting battery ensures you stay connected all day.,,,,,,,,,,,,,,,,,,,,,
4, Convenient and practical features ," This phone is loaded with convenient and practical features, enhancing daily tasks.",,,,,,,,,,,,,,,,,,,,,
5, Camera captures vivid memories , The camera captures vivid memories with clarity and detail.,,,,,,,,,,,,,,,,,,,,,
4, Clear and sharp display , Enjoy a clear and sharp display that brings content to life.,,,,,,,,,,,,,,,,,,,,,
5, Outstanding battery performance ," The Samsung Galaxy J5 delivers outstanding battery performance, no constant charging.",,,,,,,,,,,,,,,,,,,,,
4, User-friendly features , The user-friendly features make using the device a breeze.,,,,,,,,,,,,,,,,,,,,,
5, Camera consistently delivers ," The camera consistently delivers high-quality shots, never missing a moment.",,,,,,,,,,,,,,,,,,,,,
5, Display is a visual treat , The display is a visual treat with vibrant colors and exceptional clarity.,,,,,,,,,,,,,,,,,,,,,
5, Unbeatable value for money ," This phone offers unbeatable value for money, a wise choice.",,,,,,,,,,,,,,,,,,,,,
4, Battery life exceeds expectations ," The battery life exceeds expectations, providing all-day power.",,,,,,,,,,,,,,,,,,,,,
4, Loaded with practical features ," This phone is loaded with practical features, making life easier.",,,,,,,,,,,,,,,,,,,,,
5, Camera captures memories beautifully ," The camera captures memories beautifully, preserving every detail.",,,,,,,,,,,,,,,,,,,,,
4, Display quality is exceptional ," The display quality is exceptional, providing a top-notch visual experience.",,,,,,,,,,,,,,,,,,,,,
5, Great value for money ," Great value for money, a smart investment.",,,,,,,,,,,,,,,,,,,,,
4, Battery performance is commendable , The battery performance is commendable and reliable.,,,,,,,,,,,,,,,,,,,,,
4, Reliable and efficient features , The Samsung Galaxy J5 boasts reliable and efficient features that cater to your needs.,,,,,,,,,,,,,,,,,,,,,
5, Camera performance is top-notch ," The camera performance is top-notch, delivering high-quality photos.",,,,,,,,,,,,,,,,,,,,,
4, Display offers clarity ," The display offers clarity and vivid colors, enhancing the viewing experience.",,,,,,,,,,,,,,,,,,,,,
5, Battery life is impressive ," The battery life is impressive, ensuring you stay connected without worry.",,,,,,,,,,,,,,,,,,,,,
4, Packed with practical features ," The phone is packed with practical features, simplifying your daily tasks.",,,,,,,,,,,,,,,,,,,,,
4, Camera consistently delivers quality ," The camera consistently delivers quality shots, capturing every moment.",,,,,,,,,,,,,,,,,,,,,
5, Display offers stunning visuals , The display offers stunning visuals with sharpness and vibrant colors.,,,,,,,,,,,,,,,,,,,,,
4, Great value for money ," Great value for money, a wise purchase.",,,,,,,,,,,,,,,,,,,,,
4, Battery that endures ," The battery endures, providing uninterrupted usage for hours.",,,,,,,,,,,,,,,,,,,,,
5, Convenient and user-friendly features ," The phone boasts convenient and user-friendly features, enhancing usability.",,,,,,,,,,,,,,,,,,,,,
5, Camera captures every detail , The camera captures every detail with clarity and precision.,,,,,,,,,,,,,,,,,,,,,
4, Vibrant display enhances visuals , The vibrant display enhances visuals with vivid colors.,,,,,,,,,,,,,,,,,,,,,
4, Reliable battery performance ," The battery performance is reliable, ensuring consistent power.",,,,,,,,,,,,,,,,,,,,,
5, Excellent value for money , The Samsung Galaxy J5 offers excellent value for money.,,,,,,,,,,,,,,,,,,,,,
4, Battery life exceeds expectations ," The battery life exceeds expectations, providing extended usage.",,,,,,,,,,,,,,,,,,,,,
4, Feature-rich and practical , The phone is feature-rich and practical for everyday tasks.,,,,,,,,,,,,,,,,,,,,,
5, Camera performance is outstanding ," The camera performance is outstanding, delivering stunning photos.",,,,,,,,,,,,,,,,,,,,,
5, Display quality is exceptional ," The display quality is exceptional, offering a top-tier visual experience.",,,,,,,,,,,,,,,,,,,,,
4, Great value for money ," Great value for money, making it a worthy investment.",,,,,,,,,,,,,,,,,,,,,
5, Battery that lasts all day ," The battery lasts all day, ensuring you stay connected.",,,,,,,,,,,,,,,,,,,,,
4, Convenient and efficient features , The phone is loaded with convenient and efficient features.,,,,,,,,,,,,,,,,,,,,,
5, Camera captures vivid moments , The camera captures vivid moments with clarity.,,,,,,,,,,,,,,,,,,,,,
4, Clear and sharp display , Enjoy a clear and sharp display for an exceptional viewing experience.,,,,,,,,,,,,,,,,,,,,,
4, Reliable battery life , Count on the Samsung Galaxy J5 for reliable battery life.,,,,,,,,,,,,,,,,,,,,,
5, Outstanding value for money ," This phone provides outstanding value for money, a smart choice.",,,,,,,,,,,,,,,,,,,,,
5, Impressive battery backup ," The Samsung Galaxy J5's battery backup is truly impressive, lasting for extended periods.",,,,,,,,,,,,,,,,,,,,,
4, User-friendly and feature-rich , It's a user-friendly and feature-rich phone that simplifies daily tasks.,,,,,,,,,,,,,,,,,,,,,
5, Exceptional camera performance ," The camera consistently delivers exceptional performance, capturing memories in stunning detail.",,,,,,,,,,,,,,,,,,,,,
4, Reliable battery life ," The phone ensures reliable battery life, providing long-lasting power.",,,,,,,,,,,,,,,,,,,,,
5, Vivid display quality ," The display quality is vivid, offering vibrant colors and sharp clarity.",,,,,,,,,,,,,,,,,,,,,
5, Excellent value for money ," The Samsung Galaxy J5 offers excellent value for money, a wise investment.",,,,,,,,,,,,,,,,,,,,,
4, Long-lasting battery , The long-lasting battery keeps you connected throughout the day.,,,,,,,,,,,,,,,,,,,,,
5, Convenient and practical features , Loaded with convenient and practical features that enhance usability.,,,,,,,,,,,,,,,,,,,,,
5, Camera captures vivid memories , The camera captures vivid memories with precision and clarity.,,,,,,,,,,,,,,,,,,,,,
4, Clear and sharp display , Enjoy a clear and sharp display that makes content come alive.,,,,,,,,,,,,,,,,,,,,,
4, Outstanding battery performance ," The Samsung Galaxy J5 boasts outstanding battery performance, reducing the need for constant charging.",,,,,,,,,,,,,,,,,,,,,
5, User-friendly features , User-friendly features make the device a pleasure to use.,,,,,,,,,,,,,,,,,,,,,
4, Camera consistently delivers ," The camera consistently delivers high-quality shots, ensuring no moments are missed.",,,,,,,,,,,,,,,,,,,,,
5, Visual treat display ," The display is a visual treat, showcasing vibrant colors and exceptional clarity.",,,,,,,,,,,,,,,,,,,,,
5, Unbeatable value for money ," This phone provides unbeatable value for money, a smart choice.",,,,,,,,,,,,,,,,,,,,,
4, Battery life exceeds expectations ," The battery life exceeds expectations, offering prolonged usage.",,,,,,,,,,,,,,,,,,,,,
4, Packed with practical features ," The phone is packed with practical features, simplifying daily tasks.",,,,,,,,,,,,,,,,,,,,,
5, Camera captures memories beautifully ," The camera captures memories beautifully, preserving every detail.",,,,,,,,,,,,,,,,,,,,,
4, Exceptional display quality ," The display quality is exceptional, delivering a top-notch visual experience.",,,,,,,,,,,,,,,,,,,,,
5, Great value for money ," Great value for money, making it a worthwhile purchase.",,,,,,,,,,,,,,,,,,,,,
4, Battery performance is commendable , The battery performance is commendable and dependable.,,,,,,,,,,,,,,,,,,,,,
4, Reliable and efficient features , The Samsung Galaxy J5 features reliable and efficient elements tailored to your needs.,,,,,,,,,,,,,,,,,,,,,
5, Camera performance is top-notch ," The camera performance is top-notch, ensuring high-quality photos.",,,,,,,,,,,,,,,,,,,,,
4, Display offers clarity ," The display offers clarity and vivid colors, enhancing the viewing experience.",,,,,,,,,,,,,,,,,,,,,
5, Impressive battery life ," The battery life is impressive, providing all-day connectivity without concerns.",,,,,,,,,,,,,,,,,,,,,
4, Packed with practical features ," The phone is packed with practical features, making daily tasks easier.",,,,,,,,,,,,,,,,,,,,,
4, Consistently high-quality camera ," The camera consistently delivers high-quality shots, capturing every moment.",,,,,,,,,,,,,,,,,,,,,
5, Stunning display visuals , The display provides stunning visuals with sharpness and vibrant colors.,,,,,,,,,,,,,,,,,,,,,
4, Great value for money ," Great value for money, a wise investment.",,,,,,,,,,,,,,,,,,,,,
4, Battery endures the day ," The battery endures the day, ensuring uninterrupted use for hours.",,,,,,,,,,,,,,,,,,,,,
5, User-friendly and convenient , The phone is user-friendly and equipped with convenient features.,,,,,,,,,,,,,,,,,,,,,
5, Camera captures every detail , The camera captures every detail with clarity and precision.,,,,,,,,,,,,,,,,,,,,,
4, Display enhances visuals , The display enhances visuals with vivid colors and sharpness.,,,,,,,,,,,,,,,,,,,,,
4, Reliable battery performance ," The battery performance is reliable, guaranteeing consistent power.",,,,,,,,,,,,,,,,,,,,,
5, Exceptional value for money , The Samsung Galaxy J5 offers exceptional value for money.,,,,,,,,,,,,,,,,,,,,,
4, Battery life exceeds expectations ," The battery life exceeds expectations, offering extended usage.",,,,,,,,,,,,,,,,,,,,,
5, Feature-rich and practical ," The phone is feature-rich and practical, perfect for everyday tasks.",,,,,,,,,,,,,,,,,,,,,
5, Outstanding camera performance ," The camera performance is outstanding, delivering stunning photos.",,,,,,,,,,,,,,,,,,,,,
5, Vivid display quality ," The display quality is vivid, providing top-tier visual experiences.",,,,,,,,,,,,,,,,,,,,,
4, Great value for money ," Great value for money, a worthy investment.",,,,,,,,,,,,,,,,,,,,,
5, Battery that lasts all day ," The battery lasts all day, ensuring you remain connected.",,,,,,,,,,,,,,,,,,,,,
4, Efficient and convenient features , The phone is loaded with efficient and convenient features.,,,,,,,,,,,,,,,,,,,,,
5, Camera captures vivid moments , The camera captures vivid moments with precision.,,,,,,,,,,,,,,,,,,,,,
4, Display is clear and sharp ," Enjoy a display that is clear and sharp, providing an exceptional viewing experience.",,,,,,,,,,,,,,,,,,,,,
4, Reliable battery life , The Samsung Galaxy J5 provides reliable battery life.,,,,,,,,,,,,,,,,,,,,,
5, Outstanding value for money ," This phone offers outstanding value for money, a smart choice.",,,,,,,,,,,,,,,,,,,,,
4, Praiseworthy battery longevity ," The battery longevity is praiseworthy, keeps going for extended periods.",,,,,,,,,,,,,,,,,,,,,
5, Streamlined user experience , The Samsung Galaxy J5 provides a streamlined user experience with rich features.,,,,,,,,,,,,,,,,,,,,,
5, Exceptional camera capabilities ," The camera consistently showcases exceptional capabilities, capturing life's moments beautifully.",,,,,,,,,,,,,,,,,,,,,
4, Reliable and resilient battery ," Count on the Samsung Galaxy J5 for a reliable and resilient battery, no unexpected power losses.",,,,,,,,,,,,,,,,,,,,,
5, Luminous display vibrancy ," The display vibrancy is luminous, presenting vibrant colors and pristine clarity.",,,,,,,,,,,,,,,,,,,,,
5, Exceptional bang for the buck ," The Samsung Galaxy J5 offers exceptional bang for the buck, a truly smart investment.",,,,,,,,,,,,,,,,,,,,,
4, Power that endures ," The device's power endures, ensuring uninterrupted connectivity throughout the day.",,,,,,,,,,,,,,,,,,,,,
5, Intuitively practical features , Loaded with intuitively practical features that simplify everyday tasks.,,,,,,,,,,,,,,,,,,,,,
5, Camera captures vivid experiences , The camera consistently captures vivid experiences with precision and clarity.,,,,,,,,,,,,,,,,,,,,,
4, Crystal-clear display brilliance , Enjoy a crystal-clear display brilliance that enhances content.,,,,,,,,,,,,,,,,,,,,,
4, Battery performance is outstanding ," The Samsung Galaxy J5's battery performance is outstanding, reducing the need for frequent charging.",,,,,,,,,,,,,,,,,,,,,
5, User-friendly and practicality ," The phone is user-friendly, offering practicality and a delightful user experience.",,,,,,,,,,,,,,,,,,,,,
4, Consistent camera excellence ," The camera consistently excels, delivering shots that capture every moment with brilliance.",,,,,,,,,,,,,,,,,,,,,
5, Visual marvel display ," The display is a visual marvel, offering brilliance and vibrant visuals.",,,,,,,,,,,,,,,,,,,,,
5, Unparalleled value for money ," This phone provides unparalleled value for money, a top-tier investment.",,,,,,,,,,,,,,,,,,,,,
4, Battery life that exceeds expectations ," The battery life consistently exceeds expectations, providing extended usage.",,,,,,,,,,,,,,,,,,,,,
4, Loaded with pragmatism ," The phone is loaded with pragmatism, simplifying daily routines.",,,,,,,,,,,,,,,,,,,,,
5, Camera captures life's beauty ," The camera captures life's beauty flawlessly, preserving every nuance.",,,,,,,,,,,,,,,,,,,,,
4, Outstanding display quality ," The display quality is consistently outstanding, providing unparalleled visual experiences.",,,,,,,,,,,,,,,,,,,,,
5, A worthwhile investment ," Great value for money, a worthwhile investment.",,,,,,,,,,,,,,,,,,,,,
4, Battery performance you can count on ," The battery performance is reliable and consistent, always dependable.",,,,,,,,,,,,,,,,,,,,,
4, Efficient and user-friendly elements , The Samsung Galaxy J5 features efficient and user-friendly elements tailored to your needs.,,,,,,,,,,,,,,,,,,,,,
5, Camera prowess is top-tier ," The camera prowess is top-tier, consistently delivering stunning photographs.",,,,,,,,,,,,,,,,,,,,,
4, Display clarity that enchants , The display clarity enchants with vivid colors and sharpness.,,,,,,,,,,,,,,,,,,,,,
5, Remarkable battery life ," The battery life is remarkable, ensuring prolonged connectivity.",,,,,,,,,,,,,,,,,,,,,
4, Pragmatic features galore ," The phone is packed with pragmatic features, making daily tasks easier.",,,,,,,,,,,,,,,,,,,,,
4, Remarkable camera quality ," The camera consistently delivers remarkable quality shots, preserving every detail.",,,,,,,,,,,,,,,,,,,,,
5, Display brilliance at its best ," The display brilliance is at its best, offering vibrant colors and sharp clarity.",,,,,,,,,,,,,,,,,,,,,
4, A valuable purchase ," Great value for money, a valuable purchase.",,,,,,,,,,,,,,,,,,,,,
4, Battery life that powers through ," The battery powers through, ensuring uninterrupted usage.",,,,,,,,,,,,,,,,,,,,,
5, User-friendly and efficient ," The phone is user-friendly and efficient, packed with convenient features.",,,,,,,,,,,,,,,,,,,,,
5, Camera captures life's details , The camera captures life's details with precision and clarity.,,,,,,,,,,,,,,,,,,,,,
4, Display is a visual masterpiece ," The display is a visual masterpiece, presenting stunning visuals.",,,,,,,,,,,,,,,,,,,,,
